{
  "Groups": [
    {
      "name": "General",
      "description": "We collect information on how long GEOlayers needs to start and how much imagery you render during finalization.",
      "reason": "We want to know what you're using most and focus on developing GEOlayers to your needs.",
      "pageviews": [],
      "events": [
          {
              "id": "finalize",
              "isSent": "when user finalized a composition",
              "category": "finalization",
              "action": "status_{statusDescription}",
              "label": "imagery_{imageryMpx}mpx_labels_{labelNr}n",
              "value": "{imageryMpx}"
          },
          {
              "id": "startup",
              "isSent": "after the extension is ready to use",
              "category": "startupV2",
              "action": "{status}",
              "value": "{time}"
          },
          {
              "id": "authenticate",
              "isSent": "after the extension tried to authenticate on aescripts",
              "category": "authenticate",
              "action": "{status}",
              "label": "{error}",
              "value": "{time}"
          }
      ]
    }
  ]
}
