{
	"Groups": [
		{
			"name": "General",
			"description": "General information about the Penpal and After Effects installations.",
			"reason": "We gather this information to understand which releases and localisations of AE to support.",
			"events": [
				{
					"id": "general",
					"isSent": "when the panel loads",
					"category": "general",
					"action": "{property}",
					"label": "{value}",
					"value": "0"
				}
			],
			"pageviews": []
		},
		{
			"name": "Button clicks",
			"description": "The number of times certain functions and buttons are used.",
			"reason": "This gives us insight into how much certain features are being used, so we know whether to enhance (or remove) them.",
			"events": [
				{
					"id": "buttonClicked",
					"isSent": "when button is clicked",
					"category": "button",
					"action": "clicked",
					"label": "{buttonName}",
					"value": "1"
				}
			],
			"pageviews": []
		},
		{
			"name": "Count paths",
			"description": "Counts how many paths users loads.",
			"reason": "This gives us a general idea about how many paths the user tends to load into a panel, and whether we should improve the experience with multiple paths.",
			"events": [
				{
					"id": "countPaths",
					"isSent": "when user loads a path",
					"category": "paths",
					"action": "loaded",
					"label": "{value}",
					"value": "0"
				}
			],
			"pageviews": []
		},
		{
			"name": "Preferences",
			"description": "How users configure Penpal.",
			"reason": "This gives us an idea about how users configure their Penpal extension, what handle or margin size they prefer, tooltips ON or OFF, etc.",
			"events": [
				{
					"id": "preferences",
					"isSent": "when the panel loads",
					"category": "preferences",
					"action": "{property}",
					"label": "{value}",
					"value": "0"
				}
			],
			"pageviews": []
		},
		{
			"name": "Space",
			"description": "Which is the most useful space.",
			"reason": "This helps to determine the most used space. Is it Comp, Layer, or Local?",
			"events": [
				{
					"id": "scope",
					"isSent": "when functional button is clicked",
					"category": "scope",
					"action": "selected",
					"label": "{scope}",
					"value": "0"
				}
			],
			"pageviews": []
		}
	]
}
