{"v":"5.6.10","fr":25,"ip":50,"op":141,"w":800,"h":800,"nm":"busy1","ddd":0,"assets":[],"layers":[{"ddd":0,"ind":1,"ty":4,"nm":"Shadow","sr":1,"ks":{"o":{"a":0,"k":30,"ix":11},"r":{"a":0,"k":0,"ix":10},"p":{"a":0,"k":[400,696,0],"ix":2},"a":{"a":0,"k":[0,0,0],"ix":1},"s":{"a":1,"k":[{"i":{"x":[0.667,0.667,0.667],"y":[1,1,1]},"o":{"x":[0.167,0.167,0.167],"y":[0.167,0.167,0]},"t":61,"s":[60,60,100]},{"i":{"x":[0.364,1,1],"y":[0.273,1,1]},"o":{"x":[0.333,0.333,0.333],"y":[0,0,0]},"t":129,"s":[100,100,100]},{"i":{"x":[0.667,0.667,0.667],"y":[1,1,1]},"o":{"x":[0.424,0,0],"y":[0.035,0,0]},"t":131,"s":[104.7,100,100]},{"i":{"x":[0.761,1,1],"y":[0.987,1,1]},"o":{"x":[0.333,0.333,0.333],"y":[0,0,0]},"t":134,"s":[203.6,100,100]},{"i":{"x":[0.833,0.833,0.833],"y":[0.833,1,1]},"o":{"x":[0.318,0,0],"y":[0.136,0,0]},"t":137,"s":[76.7,60,100]},{"t":140,"s":[60,60,100]}],"ix":6}},"ao":0,"shapes":[{"ty":"gr","it":[{"d":1,"ty":"el","s":{"a":1,"k":[{"i":{"x":[0.667,0.667],"y":[1,1]},"o":{"x":[0.333,0.333],"y":[0,0]},"t":38,"s":[170.5,23.87]},{"i":{"x":[0.667,0.667],"y":[1,1]},"o":{"x":[0.333,0.333],"y":[0,0]},"t":61,"s":[162.6,22.764]},{"i":{"x":[0.667,0.667],"y":[1,1]},"o":{"x":[0.333,0.333],"y":[0,0]},"t":84,"s":[170.5,23.87]},{"i":{"x":[0.667,0.667],"y":[1,1]},"o":{"x":[0.333,0.333],"y":[0,0]},"t":107,"s":[162.6,22.764]},{"i":{"x":[0.667,0.667],"y":[1,1]},"o":{"x":[0.333,0.333],"y":[0,0]},"t":130,"s":[170.5,23.87]},{"i":{"x":[0.667,0.667],"y":[1,1]},"o":{"x":[0.333,0.333],"y":[0,0]},"t":153,"s":[162.6,22.764]},{"t":176,"s":[170.5,23.87]}],"ix":2},"p":{"a":0,"k":[0,0],"ix":3},"nm":"Ellipse Path 1","mn":"ADBE Vector Shape - Ellipse","hd":false},{"ty":"fl","c":{"a":0,"k":[0,0,0,1],"ix":4},"o":{"a":0,"k":100,"ix":5},"r":1,"bm":0,"nm":".lottieBusyBasecolor3","mn":"ADBE Vector Graphic - Fill","hd":false,"cl":"lottieBusyBasecolor3"},{"ty":"tr","p":{"a":0,"k":[0,0],"ix":2},"a":{"a":0,"k":[0,0],"ix":1},"s":{"a":0,"k":[100,100],"ix":3},"r":{"a":0,"k":0,"ix":6},"o":{"a":0,"k":100,"ix":7},"sk":{"a":0,"k":0,"ix":4},"sa":{"a":0,"k":0,"ix":5},"nm":"Transform"}],"nm":".lottieBusyBasecolor3","np":2,"cix":2,"bm":0,"ix":1,"mn":"ADBE Vector Group","hd":false,"cl":"lottieBusyBasecolor3"}],"ip":0,"op":750,"st":0,"bm":0},{"ddd":0,"ind":2,"ty":3,"nm":"Null 1","sr":1,"ks":{"o":{"a":0,"k":0,"ix":11},"r":{"a":1,"k":[{"i":{"x":[0.866],"y":[9351010.988]},"o":{"x":[0.423],"y":[0]},"t":129,"s":[0]},{"i":{"x":[0.514],"y":[0.609]},"o":{"x":[0.491],"y":[0.534]},"t":132.003,"s":[0]},{"i":{"x":[0.576],"y":[1]},"o":{"x":[0.129],"y":[224.627]},"t":135.501,"s":[179.869]},{"t":141,"s":[180]}],"ix":10},"p":{"a":1,"k":[{"i":{"x":0.667,"y":1},"o":{"x":0.333,"y":0},"t":38,"s":[400,400,0],"to":[0,-3.333,0],"ti":[0,0,0]},{"i":{"x":0.667,"y":1},"o":{"x":0.333,"y":0},"t":61,"s":[400,380,0],"to":[0,0,0],"ti":[0,0,0]},{"i":{"x":0.667,"y":1},"o":{"x":0.333,"y":0},"t":84,"s":[400,400,0],"to":[0,0,0],"ti":[0,0,0]},{"i":{"x":0.667,"y":1},"o":{"x":0.333,"y":0},"t":107,"s":[400,380,0],"to":[0,0,0],"ti":[0,0,0]},{"i":{"x":0.667,"y":1},"o":{"x":0.333,"y":0},"t":130,"s":[400,400,0],"to":[0,0,0],"ti":[0,0,0]},{"i":{"x":0.667,"y":1},"o":{"x":0.333,"y":0},"t":153,"s":[400,380,0],"to":[0,0,0],"ti":[0,-3.333,0]},{"t":176,"s":[400,400,0]}],"ix":2},"a":{"a":0,"k":[0,0,0],"ix":1},"s":{"a":0,"k":[100,100,100],"ix":6}},"ao":0,"ef":[{"ty":5,"nm":"Skew","np":3,"mn":"ADBE Slider Control","ix":1,"en":1,"ef":[{"ty":0,"nm":"Slider","mn":"ADBE Slider Control-0001","ix":1,"v":{"a":1,"k":[{"i":{"x":[0.643],"y":[1]},"o":{"x":[0.428],"y":[0]},"t":129,"s":[0]},{"i":{"x":[0.258],"y":[1]},"o":{"x":[0.285],"y":[0]},"t":131.6,"s":[2.8]},{"i":{"x":[0.429],"y":[1]},"o":{"x":[0.742],"y":[0]},"t":134.85,"s":[-15.9]},{"i":{"x":[0.548],"y":[1]},"o":{"x":[0.476],"y":[0]},"t":138.1,"s":[2.6]},{"t":142,"s":[0]}],"ix":1}}]},{"ty":5,"nm":"Axis","np":3,"mn":"ADBE Slider Control","ix":2,"en":1,"ef":[{"ty":0,"nm":"Slider","mn":"ADBE Slider Control-0001","ix":1,"v":{"a":0,"k":154,"ix":1}}]},{"ty":5,"nm":"Particleloopdur","np":3,"mn":"ADBE Slider Control","ix":3,"en":1,"ef":[{"ty":0,"nm":"Slider","mn":"ADBE Slider Control-0001","ix":1,"v":{"a":0,"k":2.8,"ix":1}}]}],"ip":0,"op":750,"st":0,"bm":0},{"ddd":0,"ind":3,"ty":4,"nm":"Shape Layer 3","sr":1,"ks":{"o":{"a":0,"k":100,"ix":11},"r":{"a":0,"k":0,"ix":10},"p":{"a":0,"k":[400,389.354,0],"ix":2},"a":{"a":0,"k":[0,0,0],"ix":1},"s":{"a":0,"k":[100,100,100],"ix":6}},"ao":0,"shapes":[{"ty":"gr","it":[{"d":1,"ty":"el","s":{"a":0,"k":[363,363],"ix":2},"p":{"a":0,"k":[0,0],"ix":3},"nm":"Ellipse Path 1","mn":"ADBE Vector Shape - Ellipse","hd":false},{"ty":"st","c":{"a":0,"k":[1,1,1,1],"ix":3},"o":{"a":0,"k":100,"ix":4},"w":{"a":0,"k":8,"ix":5},"lc":1,"lj":1,"ml":4,"bm":0,"nm":".lottieBusyBasecolor","mn":"ADBE Vector Graphic - Stroke","hd":false,"cl":"lottieBusyBasecolor"},{"ty":"tr","p":{"a":0,"k":[0,0],"ix":2},"a":{"a":0,"k":[0,0],"ix":1},"s":{"a":0,"k":[100,100],"ix":3},"r":{"a":0,"k":180,"ix":6},"o":{"a":0,"k":100,"ix":7},"sk":{"a":0,"k":0,"ix":4},"sa":{"a":0,"k":0,"ix":5},"nm":"Transform"}],"nm":".lottieBusyBasecolor","np":2,"cix":2,"bm":0,"ix":1,"mn":"ADBE Vector Group","hd":false,"cl":"lottieBusyBasecolor"},{"ty":"gr","it":[{"d":1,"ty":"el","s":{"a":0,"k":[402,402],"ix":2},"p":{"a":0,"k":[0,0],"ix":3},"nm":"Ellipse Path 1","mn":"ADBE Vector Shape - Ellipse","hd":false},{"ty":"st","c":{"a":0,"k":[1,1,1,1],"ix":3},"o":{"a":0,"k":100,"ix":4},"w":{"a":0,"k":8,"ix":5},"lc":1,"lj":1,"ml":4,"bm":0,"nm":".lottieBusyBasecolor","mn":"ADBE Vector Graphic - Stroke","hd":false,"cl":"lottieBusyBasecolor"},{"ty":"tr","p":{"a":0,"k":[0,0],"ix":2},"a":{"a":0,"k":[0,0],"ix":1},"s":{"a":0,"k":[100,100],"ix":3},"r":{"a":0,"k":0,"ix":6},"o":{"a":0,"k":100,"ix":7},"sk":{"a":0,"k":0,"ix":4},"sa":{"a":0,"k":0,"ix":5},"nm":"Transform"}],"nm":".lottieBusyBasecolor","np":2,"cix":2,"bm":0,"ix":2,"mn":"ADBE Vector Group","hd":false,"cl":"lottieBusyBasecolor"},{"ty":"tm","s":{"a":1,"k":[{"i":{"x":[0.788],"y":[0.796]},"o":{"x":[0.286],"y":[0]},"t":132,"s":[36.2]},{"i":{"x":[0.751],"y":[0.549]},"o":{"x":[0.32],"y":[0.28]},"t":135,"s":[60.6]},{"i":{"x":[0.85],"y":[1]},"o":{"x":[0.273],"y":[0.652]},"t":137,"s":[78.5]},{"t":139,"s":[92.1]}],"ix":1},"e":{"a":1,"k":[{"i":{"x":[0.847],"y":[0.804]},"o":{"x":[0.233],"y":[0.023]},"t":132,"s":[36.2]},{"i":{"x":[0.84],"y":[0.944]},"o":{"x":[0.23],"y":[0.367]},"t":135,"s":[72.5]},{"i":{"x":[0.75],"y":[1]},"o":{"x":[0.32],"y":[5.472]},"t":137,"s":[91.9]},{"t":138,"s":[92.1]}],"ix":2},"o":{"a":0,"k":0,"ix":3},"m":1,"ix":3,"nm":"Trim Paths 1","mn":"ADBE Vector Filter - Trim","hd":false}],"ip":132,"op":139,"st":0,"bm":0},{"ddd":0,"ind":4,"ty":4,"nm":"Shape Layer 4","sr":1,"ks":{"o":{"a":0,"k":100,"ix":11},"r":{"a":0,"k":0,"ix":10},"p":{"a":0,"k":[400,389.354,0],"ix":2},"a":{"a":0,"k":[0,0,0],"ix":1},"s":{"a":0,"k":[100,100,100],"ix":6}},"ao":0,"shapes":[{"ty":"gr","it":[{"d":1,"ty":"el","s":{"a":0,"k":[465,465],"ix":2},"p":{"a":0,"k":[0,0],"ix":3},"nm":"Ellipse Path 1","mn":"ADBE Vector Shape - Ellipse","hd":false},{"ty":"st","c":{"a":0,"k":[1,1,1,1],"ix":3},"o":{"a":0,"k":100,"ix":4},"w":{"a":0,"k":8,"ix":5},"lc":1,"lj":1,"ml":4,"bm":0,"nm":".lottieBusyBasecolor","mn":"ADBE Vector Graphic - Stroke","hd":false,"cl":"lottieBusyBasecolor"},{"ty":"tr","p":{"a":0,"k":[0,0],"ix":2},"a":{"a":0,"k":[0,0],"ix":1},"s":{"a":0,"k":[100,100],"ix":3},"r":{"a":0,"k":180,"ix":6},"o":{"a":0,"k":100,"ix":7},"sk":{"a":0,"k":0,"ix":4},"sa":{"a":0,"k":0,"ix":5},"nm":"Transform"}],"nm":".lottieBusyBasecolor","np":2,"cix":2,"bm":0,"ix":1,"mn":"ADBE Vector Group","hd":false,"cl":"lottieBusyBasecolor"},{"ty":"gr","it":[{"d":1,"ty":"el","s":{"a":0,"k":[465,465],"ix":2},"p":{"a":0,"k":[0,0],"ix":3},"nm":"Ellipse Path 1","mn":"ADBE Vector Shape - Ellipse","hd":false},{"ty":"st","c":{"a":0,"k":[1,1,1,1],"ix":3},"o":{"a":0,"k":100,"ix":4},"w":{"a":0,"k":8,"ix":5},"lc":1,"lj":1,"ml":4,"bm":0,"nm":".lottieBusyBasecolor","mn":"ADBE Vector Graphic - Stroke","hd":false,"cl":"lottieBusyBasecolor"},{"ty":"tr","p":{"a":0,"k":[0,0],"ix":2},"a":{"a":0,"k":[0,0],"ix":1},"s":{"a":0,"k":[100,100],"ix":3},"r":{"a":0,"k":0,"ix":6},"o":{"a":0,"k":100,"ix":7},"sk":{"a":0,"k":0,"ix":4},"sa":{"a":0,"k":0,"ix":5},"nm":"Transform"}],"nm":".lottieBusyBasecolor","np":2,"cix":2,"bm":0,"ix":2,"mn":"ADBE Vector Group","hd":false,"cl":"lottieBusyBasecolor"},{"ty":"tm","s":{"a":1,"k":[{"i":{"x":[0.787],"y":[0.499]},"o":{"x":[0.28],"y":[0]},"t":133,"s":[42]},{"i":{"x":[0.751],"y":[0.596]},"o":{"x":[0.32],"y":[0.251]},"t":136,"s":[52]},{"i":{"x":[0.85],"y":[1]},"o":{"x":[0.273],"y":[0.381]},"t":138,"s":[72]},{"t":140,"s":[95.3]}],"ix":1},"e":{"a":1,"k":[{"i":{"x":[0.847],"y":[0.791]},"o":{"x":[0.233],"y":[0.024]},"t":133,"s":[42]},{"i":{"x":[0.84],"y":[0.948]},"o":{"x":[0.23],"y":[0.339]},"t":136,"s":[76]},{"i":{"x":[0.75],"y":[1]},"o":{"x":[0.32],"y":[-0.644]},"t":138,"s":[97]},{"t":139,"s":[95.3]}],"ix":2},"o":{"a":0,"k":0,"ix":3},"m":1,"ix":3,"nm":"Trim Paths 1","mn":"ADBE Vector Filter - Trim","hd":false}],"ip":133,"op":140,"st":1,"bm":0},{"ddd":0,"ind":5,"ty":4,"nm":"Dot","parent":2,"sr":1,"ks":{"o":{"a":0,"k":100,"ix":11},"r":{"a":0,"k":180,"ix":10},"p":{"a":0,"k":[0,0,0],"ix":2},"a":{"a":0,"k":[0,0,0],"ix":1},"s":{"a":0,"k":[100,100,100],"ix":6}},"ao":0,"shapes":[{"ty":"gr","it":[{"d":1,"ty":"el","s":{"a":0,"k":[60,60],"ix":2},"p":{"a":0,"k":[0,0],"ix":3},"nm":"Ellipse Path 1","mn":"ADBE Vector Shape - Ellipse","hd":false},{"ty":"fl","c":{"a":0,"k":[1,1,1,1],"ix":4},"o":{"a":0,"k":100,"ix":5},"r":1,"bm":0,"nm":".lottieBusyBasecolor2","mn":"ADBE Vector Graphic - Fill","hd":false,"cl":"lottieBusyBasecolor2"},{"ty":"tr","p":{"a":1,"k":[{"i":{"x":0,"y":1},"o":{"x":0.4,"y":0},"t":132,"s":[0,145],"to":[0,-48.333],"ti":[0,48.333]},{"t":139,"s":[0,-145]}],"ix":2},"a":{"a":0,"k":[0,0],"ix":1},"s":{"a":0,"k":[100,100],"ix":3},"r":{"a":0,"k":0,"ix":6},"o":{"a":0,"k":100,"ix":7},"sk":{"a":0,"k":0,"ix":4},"sa":{"a":0,"k":0,"ix":5},"nm":"Transform"}],"nm":".lottieBusyBasecolor2","np":2,"cix":2,"bm":0,"ix":1,"mn":"ADBE Vector Group","hd":false,"cl":"lottieBusyBasecolor2"}],"ip":0,"op":750,"st":0,"bm":0},{"ddd":0,"ind":6,"ty":4,"nm":"Empty 3","parent":2,"sr":1,"ks":{"o":{"a":0,"k":100,"ix":11},"r":{"a":0,"k":180,"ix":10},"p":{"a":0,"k":[0,0,0],"ix":2},"a":{"a":0,"k":[0,0,0],"ix":1},"s":{"a":0,"k":[100,100,100],"ix":6}},"ao":0,"shapes":[{"ty":"gr","it":[{"ind":0,"ty":"sh","ix":1,"ks":{"a":0,"k":{"i":[[-55.228,0],[0,-55.228],[55.228,0],[0,0],[0,27.083]],"o":[[55.228,0],[0,55.228],[-28.145,0],[0,0],[0,-55.228]],"v":[[0,-100],[100,0],[0,100],[-100.032,100.064],[-100,0]],"c":true},"ix":2},"nm":"Path 1","mn":"ADBE Vector Shape - Group","hd":false},{"ty":"st","c":{"a":0,"k":[1,1,1,1],"ix":3},"o":{"a":0,"k":100,"ix":4},"w":{"a":0,"k":8,"ix":5},"lc":1,"lj":1,"ml":4,"bm":0,"nm":".lottieBusyBasecolor2","mn":"ADBE Vector Graphic - Stroke","hd":false,"cl":"lottieBusyBasecolor2"},{"ty":"tr","p":{"a":0,"k":[0,0],"ix":2},"a":{"a":0,"k":[-100,100],"ix":1},"s":{"a":0,"k":[100,100],"ix":3},"r":{"a":0,"k":-45,"ix":6},"o":{"a":0,"k":100,"ix":7},"sk":{"a":0,"k":0,"ix":4,"x":"var $bm_rt;\n$bm_rt = thisComp.layer('Null 1').effect('Skew')(1);"},"sa":{"a":0,"k":135,"ix":5,"x":"var $bm_rt;\n$bm_rt = thisComp.layer('Null 1').effect('Axis')(1);"},"nm":"Transform"}],"nm":".lottieBusyBasecolor2","np":2,"cix":2,"bm":0,"ix":1,"mn":"ADBE Vector Group","hd":false,"cl":"lottieBusyBasecolor2"}],"ip":134,"op":750,"st":0,"bm":0},{"ddd":0,"ind":7,"ty":4,"nm":"Full 2","parent":2,"sr":1,"ks":{"o":{"a":0,"k":100,"ix":11},"r":{"a":0,"k":180,"ix":10},"p":{"a":0,"k":[0,0,0],"ix":2},"a":{"a":0,"k":[0,0,0],"ix":1},"s":{"a":0,"k":[100,100,100],"ix":6}},"ao":0,"hasMask":true,"masksProperties":[{"inv":false,"mode":"a","pt":{"a":1,"k":[{"i":{"x":0.833,"y":0.833},"o":{"x":0.167,"y":0.167},"t":60,"s":[{"i":[[0,0],[0,0],[0,0],[-42,0],[-20,0],[-37,0]],"o":[[0,0],[0,0],[0,0],[42,0],[20,0],[37,0]],"v":[[200,-308.25],[20.15,-308.25],[-200,-308.25],[-76,-244.25],[0,-242.25],[79,-244.25]],"c":true}]},{"i":{"x":0.833,"y":0.833},"o":{"x":0.167,"y":0.167},"t":70.095,"s":[{"i":[[0,0],[0,0],[0,0],[-36.96,0],[-17.6,0],[-32.56,0]],"o":[[0,0],[0,0],[0,0],[36.96,0],[17.6,0],[32.56,0]],"v":[[200,-301],[20.15,-301],[-200,-301],[-90.88,-237.84],[-1.161,-212.08],[89.52,-233.84]],"c":true}]},{"i":{"x":0.833,"y":0.833},"o":{"x":0.167,"y":0.167},"t":80.19,"s":[{"i":[[0,0],[0,0],[0,0],[-31.92,0],[-15.2,0],[-28.12,0]],"o":[[0,0],[0,0],[0,0],[31.92,0],[15.2,0],[28.12,0]],"v":[[200,-295],[20.15,-295],[-200,-295],[-105.76,-205.407],[-2.322,-166.16],[104.585,-201.953]],"c":true}]},{"i":{"x":0.833,"y":0.833},"o":{"x":0.167,"y":0.167},"t":91.127,"s":[{"i":[[0,0],[0,0],[0,0],[-26.46,0],[-12.6,0],[-23.31,0]],"o":[[0,0],[0,0],[0,0],[26.46,0],[12.6,0],[23.31,0]],"v":[[200,-288.5],[20.15,-288.5],[-200,-288.5],[-121.88,-170.272],[-2.579,-128.738],[120.906,-167.408]],"c":true}]},{"i":{"x":0.833,"y":0.833},"o":{"x":0.167,"y":0.167},"t":101.222,"s":[{"i":[[0,0],[0,0],[0,0],[-21.42,0],[-28.069,0],[-18.87,0]],"o":[[0,0],[0,0],[0,0],[21.42,0],[34.931,0],[18.87,0]],"v":[[200,-282.5],[20.15,-282.5],[-200,-282.5],[-136.76,-137.839],[-3.931,-90.216],[135.972,-135.521]],"c":true}]},{"i":{"x":0.833,"y":0.833},"o":{"x":0.167,"y":0.167},"t":113,"s":[{"i":[[0,0],[0,0],[0,0],[-15.54,0],[-59.493,0],[-13.69,0]],"o":[[0,0],[0,0],[0,0],[15.54,0],[55.507,0],[13.69,0]],"v":[[200,-275.5],[20.15,-275.5],[-200,-275.5],[-154.12,-100.001],[-0.507,-49.451],[153.548,-98.319]],"c":true}]},{"i":{"x":0.833,"y":0.833},"o":{"x":0.167,"y":0.167},"t":129,"s":[{"i":[[0,0],[0,0],[0,0],[-9.156,0],[-35.052,0],[-8.066,0]],"o":[[0,0],[0,0],[0,0],[9.156,0],[32.704,0],[8.066,0]],"v":[[200,-267.9],[20.15,-267.9],[-200,-267.9],[-172.968,-58.919],[-4.273,-29.136],[172.631,-57.929]],"c":true}]},{"i":{"x":0.833,"y":0.833},"o":{"x":0.167,"y":0.167},"t":131.6,"s":[{"i":[[0,0],[0,0],[0,0],[-7.56,0],[-28.942,0],[-6.66,0]],"o":[[0,0],[0,0],[0,0],[7.56,0],[27.004,0],[6.66,0]],"v":[[200,-266],[20.15,-266],[-200,-266],[-177.68,-48.649],[-5.215,-24.057],[177.402,-47.831]],"c":true}]},{"i":{"x":0.833,"y":0.833},"o":{"x":0.167,"y":0.167},"t":133.55,"s":[{"i":[[0,0],[0,0],[0,0],[-5.88,0],[-14.609,67.279],[-5.18,0]],"o":[[0,0],[0,0],[0,0],[5.88,0],[14.609,-67.279],[5.18,0]],"v":[[200,-264],[20.15,-264],[-200,-264],[-182.64,-37.838],[-6.206,-18.711],[182.424,-37.202]],"c":true}]},{"i":{"x":0.667,"y":1},"o":{"x":0.167,"y":0.167},"t":136.15,"s":[{"i":[[0,0],[47.452,-5.23],[0,0],[-4.2,0],[-10.435,48.057],[-3.7,0]],"o":[[0,0],[-47.452,5.23],[0,0],[4.2,0],[10.435,-48.057],[3.7,0]],"v":[[72.356,-235.371],[-30.798,-225.972],[-197.03,-212.088],[-187.6,-27.027],[-7.197,-13.365],[187.445,-26.573]],"c":true}]},{"i":{"x":0.667,"y":1},"o":{"x":0.333,"y":0},"t":139,"s":[{"i":[[0,0],[32.949,-39.212],[0,0],[-2.52,0],[-26.979,-11.947],[-2.22,0]],"o":[[0,0],[-32.95,39.212],[0,0],[2.52,0],[50.148,22.208],[2.22,0]],"v":[[202.304,-198.521],[38.083,-231.721],[-197.444,-226.963],[-192.393,-15.23],[-5.698,0.687],[192.634,-14.958]],"c":true}]},{"t":142,"s":[{"i":[[0,0],[62.85,-14],[0,0],[0,0],[0,0],[0,0]],"o":[[0,0],[-71.628,15.955],[0,0],[0,0],[0,0],[0,0]],"v":[[204,-217],[30.15,-214],[-200,-213],[-200,0],[-9.674,0],[200,0]],"c":true}]}],"ix":1},"o":{"a":0,"k":100,"ix":3},"x":{"a":0,"k":0,"ix":4},"nm":"Mask 1"}],"shapes":[{"ty":"gr","it":[{"ind":0,"ty":"sh","ix":1,"ks":{"a":0,"k":{"i":[[-55.228,0],[0,-55.228],[55.229,0],[0,0],[0,26.713]],"o":[[55.229,0],[0,55.228],[-28.515,0],[0,0],[0,-55.228]],"v":[[0,-100],[100,0],[0,100],[-100.302,100.296],[-100,0]],"c":true},"ix":2},"nm":"Path 1","mn":"ADBE Vector Shape - Group","hd":false},{"ty":"fl","c":{"a":0,"k":[0.294117647059,0.537254901961,0.89019613827,1],"ix":4},"o":{"a":0,"k":100,"ix":5},"r":1,"bm":0,"nm":".lottieBusyActivecolor","mn":"ADBE Vector Graphic - Fill","hd":false,"cl":"lottieBusyActivecolor"},{"ty":"tr","p":{"a":0,"k":[0,0],"ix":2},"a":{"a":0,"k":[-100,100],"ix":1},"s":{"a":0,"k":[100,100],"ix":3},"r":{"a":0,"k":-45,"ix":6},"o":{"a":0,"k":100,"ix":7},"sk":{"a":0,"k":0,"ix":4,"x":"var $bm_rt;\n$bm_rt = thisComp.layer('Null 1').effect('Skew')(1);"},"sa":{"a":0,"k":135,"ix":5,"x":"var $bm_rt;\n$bm_rt = thisComp.layer('Null 1').effect('Axis')(1);"},"nm":"Transform"}],"nm":".lottieBusyActivecolor","np":2,"cix":2,"bm":0,"ix":1,"mn":"ADBE Vector Group","hd":false,"cl":"lottieBusyActivecolor"}],"ip":0,"op":750,"st":0,"bm":0},{"ddd":0,"ind":8,"ty":4,"nm":"Empty","parent":2,"sr":1,"ks":{"o":{"a":0,"k":100,"ix":11},"r":{"a":0,"k":0,"ix":10},"p":{"a":0,"k":[0,0,0],"ix":2},"a":{"a":0,"k":[0,0,0],"ix":1},"s":{"a":0,"k":[100,100,100],"ix":6}},"ao":0,"shapes":[{"ty":"gr","it":[{"ind":0,"ty":"sh","ix":1,"ks":{"a":0,"k":{"i":[[-55.228,0],[0,-55.228],[55.229,0],[0,0],[0,27.704]],"o":[[55.229,0],[0,55.228],[-27.524,0],[0,0],[0,-55.228]],"v":[[0,-100],[100,0],[0,100],[-100.011,99.923],[-100,0]],"c":true},"ix":2},"nm":"Path 1","mn":"ADBE Vector Shape - Group","hd":false},{"ty":"st","c":{"a":0,"k":[1,1,1,1],"ix":3},"o":{"a":0,"k":100,"ix":4},"w":{"a":0,"k":8,"ix":5},"lc":1,"lj":1,"ml":4,"bm":0,"nm":".lottieBusyBasecolor2","mn":"ADBE Vector Graphic - Stroke","hd":false,"cl":"lottieBusyBasecolor2"},{"ty":"tr","p":{"a":0,"k":[0,0],"ix":2},"a":{"a":0,"k":[-100,100],"ix":1},"s":{"a":0,"k":[100,100],"ix":3},"r":{"a":0,"k":-45,"ix":6},"o":{"a":0,"k":100,"ix":7},"sk":{"a":0,"k":0,"ix":4,"x":"var $bm_rt;\n$bm_rt = thisComp.layer('Null 1').effect('Skew')(1);"},"sa":{"a":0,"k":135,"ix":5,"x":"var $bm_rt;\n$bm_rt = thisComp.layer('Null 1').effect('Axis')(1);"},"nm":"Transform"}],"nm":".lottieBusyBasecolor2","np":2,"cix":2,"bm":0,"ix":1,"mn":"ADBE Vector Group","hd":false,"cl":"lottieBusyBasecolor2"}],"ip":0,"op":134,"st":0,"bm":0},{"ddd":0,"ind":9,"ty":4,"nm":"Full","parent":2,"sr":1,"ks":{"o":{"a":0,"k":100,"ix":11},"r":{"a":0,"k":0,"ix":10},"p":{"a":0,"k":[0,0,0],"ix":2},"a":{"a":0,"k":[0,0,0],"ix":1},"s":{"a":0,"k":[100,100,100],"ix":6}},"ao":0,"hasMask":true,"masksProperties":[{"inv":false,"mode":"a","pt":{"a":1,"k":[{"i":{"x":0.833,"y":0.833},"o":{"x":0.167,"y":0.167},"t":50,"s":[{"i":[[0,0],[77,-21],[0,0],[0,0],[0,0]],"o":[[0,0],[-73.322,19.997],[0,0],[0,0],[0,0]],"v":[[180,-216],[43,-217],[-184,-211],[-111,5],[110,11]],"c":true}]},{"i":{"x":0.833,"y":0.833},"o":{"x":0.167,"y":0.167},"t":70,"s":[{"i":[[0,0],[27.9,-0.8],[0,0],[0,0],[0,0]],"o":[[0,0],[-26.117,0.749],[0,0],[0,0],[0,0]],"v":[[113,-192.6],[-3.9,-159.2],[-114.8,-187.8],[-101.6,9.8],[101.2,14.4]],"c":true}]},{"i":{"x":0.833,"y":0.833},"o":{"x":0.167,"y":0.167},"t":91,"s":[{"i":[[0,0],[28.692,0.726],[0,0],[0,0],[0,0]],"o":[[0,0],[-23.305,-0.59],[0,0],[0,0],[0,0]],"v":[[107.525,-129.555],[-1.695,-104.41],[-106.753,-126.015],[-91.73,14.84],[91.96,17.97]],"c":true}]},{"i":{"x":0.833,"y":0.833},"o":{"x":0.167,"y":0.167},"t":113,"s":[{"i":[[0,0],[17.993,0.456],[0,0],[0,0],[0,0]],"o":[[0,0],[-14.615,-0.37],[0,0],[0,0],[0,0]],"v":[[87.482,-78.619],[-1.385,-48.477],[-88.76,-76.772],[-81.39,20.12],[82.28,21.71]],"c":true}]},{"i":{"x":0.833,"y":0.833},"o":{"x":0.167,"y":0.167},"t":129,"s":[{"i":[[0,0],[9.996,0.253],[0,0],[0,0],[0,0]],"o":[[0,0],[-8.119,-0.206],[0,0],[0,0],[0,0]],"v":[[64.157,-44.122],[1.23,-26.932],[-62.2,-43.54],[-73.661,24.067],[75.044,24.506]],"c":true}]},{"i":{"x":0.833,"y":0.833},"o":{"x":0.167,"y":0.167},"t":131.6,"s":[{"i":[[0,0],[7.997,0.202],[0,0],[0,0],[0,0]],"o":[[0,0],[-6.496,-0.164],[0,0],[0,0],[0,0]],"v":[[58.325,-35.497],[1.884,-21.546],[-55.56,-35.232],[-71.729,25.053],[73.236,25.204]],"c":true}]},{"t":136.150390625,"s":[{"i":[[0,0],[0,0],[0,0],[0,0],[0,0]],"o":[[0,0],[0,0],[0,0],[0,0],[0,0]],"v":[[35,-1],[4.5,0],[-29,-2],[-64,29],[66,28]],"c":true}]}],"ix":1},"o":{"a":0,"k":100,"ix":3},"x":{"a":0,"k":0,"ix":4},"nm":"Mask 1"}],"shapes":[{"ty":"gr","it":[{"ind":0,"ty":"sh","ix":1,"ks":{"a":0,"k":{"i":[[-55.228,0],[0,-55.228],[55.228,0],[0,0],[0,29.276]],"o":[[55.228,0],[0,55.228],[-25.953,0],[0,0],[0,-55.228]],"v":[[0,-100],[100,0],[0,100],[-100.074,100.02],[-100,0]],"c":true},"ix":2},"nm":"Path 1","mn":"ADBE Vector Shape - Group","hd":false},{"ty":"fl","c":{"a":0,"k":[0.294117647059,0.537254901961,0.89019613827,1],"ix":4},"o":{"a":0,"k":100,"ix":5},"r":1,"bm":0,"nm":".lottieBusyActivecolor","mn":"ADBE Vector Graphic - Fill","hd":false,"cl":"lottieBusyActivecolor"},{"ty":"tr","p":{"a":0,"k":[0,0],"ix":2},"a":{"a":0,"k":[-100,100],"ix":1},"s":{"a":0,"k":[100,100],"ix":3},"r":{"a":0,"k":-45,"ix":6},"o":{"a":0,"k":100,"ix":7},"sk":{"a":0,"k":0,"ix":4,"x":"var $bm_rt;\n$bm_rt = thisComp.layer('Null 1').effect('Skew')(1);"},"sa":{"a":0,"k":135,"ix":5,"x":"var $bm_rt;\n$bm_rt = thisComp.layer('Null 1').effect('Axis')(1);"},"nm":"Transform"}],"nm":".lottieBusyActivecolor","np":2,"cix":2,"bm":0,"ix":1,"mn":"ADBE Vector Group","hd":false,"cl":"lottieBusyActivecolor"}],"ip":0,"op":750,"st":0,"bm":0},{"ddd":0,"ind":10,"ty":3,"nm":"Null 2","parent":2,"sr":1,"ks":{"o":{"a":0,"k":0,"ix":11},"r":{"a":0,"k":0,"ix":10},"p":{"a":0,"k":[0,7.602,0],"ix":2},"a":{"a":0,"k":[0,0,0],"ix":1},"s":{"a":0,"k":[100,100,100],"ix":6}},"ao":0,"ip":0,"op":750,"st":0,"bm":0},{"ddd":0,"ind":11,"ty":4,"nm":"Korn 33","parent":10,"sr":1,"ks":{"o":{"a":0,"k":100,"ix":11,"x":"var $bm_rt;\n$bm_rt = time < $bm_sum(thisLayer.startTime, thisComp.layer('Null 1').effect('Particleloopdur')(1)) ? 100 : 0;"},"r":{"a":0,"k":0,"ix":10},"p":{"s":true,"x":{"a":1,"k":[{"i":{"x":[0.833],"y":[0.833]},"o":{"x":[0.167],"y":[0.167]},"t":50,"s":[0]},{"t":65,"s":[-9.2]}],"ix":3,"x":"var $bm_rt;\n$bm_rt = loopOut('cycle');"},"y":{"a":1,"k":[{"i":{"x":[0.962],"y":[0.61]},"o":{"x":[0.344],"y":[0.051]},"t":50,"s":[-0.102]},{"t":65,"s":[223.198]}],"ix":4,"x":"var $bm_rt;\n$bm_rt = loopOut('cycle');"}},"a":{"a":0,"k":[0,0,0],"ix":1},"s":{"a":0,"k":[149,149,100],"ix":6}},"ao":0,"shapes":[{"ty":"gr","it":[{"d":1,"ty":"el","s":{"a":1,"k":[{"i":{"x":[0.109,0.109],"y":[1,1]},"o":{"x":[0.017,0.017],"y":[0.989,0.989]},"t":50,"s":[0,0]},{"t":65,"s":[10,10]}],"ix":2,"x":"var $bm_rt;\n$bm_rt = loopOut('cycle');"},"p":{"a":0,"k":[0,0],"ix":3},"nm":"Ellipse Path 1","mn":"ADBE Vector Shape - Ellipse","hd":false},{"ty":"fl","c":{"a":0,"k":[0.294117647059,0.537254901961,0.89019613827,1],"ix":4},"o":{"a":0,"k":100,"ix":5},"r":1,"bm":0,"nm":".lottieBusyActivecolor","mn":"ADBE Vector Graphic - Fill","hd":false,"cl":"lottieBusyActivecolor"},{"ty":"tr","p":{"a":0,"k":[0,0],"ix":2},"a":{"a":0,"k":[0,0],"ix":1},"s":{"a":0,"k":[100,100],"ix":3},"r":{"a":0,"k":0,"ix":6},"o":{"a":0,"k":100,"ix":7},"sk":{"a":0,"k":0,"ix":4},"sa":{"a":0,"k":0,"ix":5},"nm":"Transform"}],"nm":".lottieBusyActivecolor","np":2,"cix":2,"bm":0,"ix":1,"mn":"ADBE Vector Group","hd":false,"cl":"lottieBusyActivecolor"}],"ip":50,"op":132,"st":50,"bm":0},{"ddd":0,"ind":12,"ty":4,"nm":"Korn 22","parent":10,"sr":1,"ks":{"o":{"a":0,"k":100,"ix":11,"x":"var $bm_rt;\n$bm_rt = time < $bm_sum(thisLayer.startTime, thisComp.layer('Null 1').effect('Particleloopdur')(1)) ? 100 : 0;"},"r":{"a":0,"k":0,"ix":10},"p":{"s":true,"x":{"a":1,"k":[{"i":{"x":[0.833],"y":[0.833]},"o":{"x":[0.167],"y":[0.167]},"t":50,"s":[0]},{"t":65,"s":[-9.2]}],"ix":3,"x":"var $bm_rt;\n$bm_rt = loopOut('cycle');"},"y":{"a":1,"k":[{"i":{"x":[0.962],"y":[0.61]},"o":{"x":[0.344],"y":[0.051]},"t":50,"s":[-0.102]},{"t":65,"s":[223.198]}],"ix":4,"x":"var $bm_rt;\n$bm_rt = loopOut('cycle');"}},"a":{"a":0,"k":[0,0,0],"ix":1},"s":{"a":0,"k":[149,149,100],"ix":6}},"ao":0,"shapes":[{"ty":"gr","it":[{"d":1,"ty":"el","s":{"a":1,"k":[{"i":{"x":[0.109,0.109],"y":[1,1]},"o":{"x":[0.017,0.017],"y":[0.989,0.989]},"t":50,"s":[0,0]},{"t":65,"s":[10,10]}],"ix":2,"x":"var $bm_rt;\n$bm_rt = loopOut('cycle');"},"p":{"a":0,"k":[0,0],"ix":3},"nm":"Ellipse Path 1","mn":"ADBE Vector Shape - Ellipse","hd":false},{"ty":"fl","c":{"a":0,"k":[0.294117647059,0.537254901961,0.89019613827,1],"ix":4},"o":{"a":0,"k":100,"ix":5},"r":1,"bm":0,"nm":".lottieBusyActivecolor","mn":"ADBE Vector Graphic - Fill","hd":false,"cl":"lottieBusyActivecolor"},{"ty":"tr","p":{"a":0,"k":[0,0],"ix":2},"a":{"a":0,"k":[0,0],"ix":1},"s":{"a":0,"k":[100,100],"ix":3},"r":{"a":0,"k":0,"ix":6},"o":{"a":0,"k":100,"ix":7},"sk":{"a":0,"k":0,"ix":4},"sa":{"a":0,"k":0,"ix":5},"nm":"Transform"}],"nm":".lottieBusyActivecolor","np":2,"cix":2,"bm":0,"ix":1,"mn":"ADBE Vector Group","hd":false,"cl":"lottieBusyActivecolor"}],"ip":50,"op":132,"st":50,"bm":0},{"ddd":0,"ind":13,"ty":4,"nm":"Korn 2","parent":10,"sr":1,"ks":{"o":{"a":0,"k":100,"ix":11,"x":"var $bm_rt;\n$bm_rt = time < $bm_sum(thisLayer.startTime, thisComp.layer('Null 1').effect('Particleloopdur')(1)) ? 100 : 0;"},"r":{"a":0,"k":0,"ix":10},"p":{"s":true,"x":{"a":1,"k":[{"i":{"x":[0.833],"y":[0.833]},"o":{"x":[0.167],"y":[0.167]},"t":51,"s":[0]},{"t":66,"s":[-9.2]}],"ix":3,"x":"var $bm_rt;\n$bm_rt = loopOut('cycle');"},"y":{"a":1,"k":[{"i":{"x":[0.962],"y":[0.61]},"o":{"x":[0.344],"y":[0.051]},"t":51,"s":[-0.102]},{"t":66,"s":[223.198]}],"ix":4,"x":"var $bm_rt;\n$bm_rt = loopOut('cycle');"}},"a":{"a":0,"k":[0,0,0],"ix":1},"s":{"a":0,"k":[149,149,100],"ix":6}},"ao":0,"shapes":[{"ty":"gr","it":[{"d":1,"ty":"el","s":{"a":1,"k":[{"i":{"x":[0.109,0.109],"y":[1,1]},"o":{"x":[0.017,0.017],"y":[0.989,0.989]},"t":51,"s":[0,0]},{"t":66,"s":[10,10]}],"ix":2,"x":"var $bm_rt;\n$bm_rt = loopOut('cycle');"},"p":{"a":0,"k":[0,0],"ix":3},"nm":"Ellipse Path 1","mn":"ADBE Vector Shape - Ellipse","hd":false},{"ty":"fl","c":{"a":0,"k":[0.294117647059,0.537254901961,0.89019613827,1],"ix":4},"o":{"a":0,"k":100,"ix":5},"r":1,"bm":0,"nm":".lottieBusyActivecolor","mn":"ADBE Vector Graphic - Fill","hd":false,"cl":"lottieBusyActivecolor"},{"ty":"tr","p":{"a":0,"k":[0,0],"ix":2},"a":{"a":0,"k":[0,0],"ix":1},"s":{"a":0,"k":[100,100],"ix":3},"r":{"a":0,"k":0,"ix":6},"o":{"a":0,"k":100,"ix":7},"sk":{"a":0,"k":0,"ix":4},"sa":{"a":0,"k":0,"ix":5},"nm":"Transform"}],"nm":".lottieBusyActivecolor","np":2,"cix":2,"bm":0,"ix":1,"mn":"ADBE Vector Group","hd":false,"cl":"lottieBusyActivecolor"}],"ip":51,"op":132,"st":51,"bm":0},{"ddd":0,"ind":14,"ty":4,"nm":"Korn 32","parent":10,"sr":1,"ks":{"o":{"a":0,"k":100,"ix":11,"x":"var $bm_rt;\n$bm_rt = time < $bm_sum(thisLayer.startTime, thisComp.layer('Null 1').effect('Particleloopdur')(1)) ? 100 : 0;"},"r":{"a":0,"k":0,"ix":10},"p":{"s":true,"x":{"a":1,"k":[{"i":{"x":[0.833],"y":[0.833]},"o":{"x":[0.167],"y":[0.167]},"t":56,"s":[0]},{"t":71,"s":[4.8]}],"ix":3,"x":"var $bm_rt;\n$bm_rt = loopOut('cycle');"},"y":{"a":1,"k":[{"i":{"x":[0.962],"y":[0.61]},"o":{"x":[0.344],"y":[0.051]},"t":56,"s":[-0.102]},{"t":71,"s":[223.198]}],"ix":4,"x":"var $bm_rt;\n$bm_rt = loopOut('cycle');"}},"a":{"a":0,"k":[0,0,0],"ix":1},"s":{"a":0,"k":[149,149,100],"ix":6}},"ao":0,"shapes":[{"ty":"gr","it":[{"d":1,"ty":"el","s":{"a":1,"k":[{"i":{"x":[0.109,0.109],"y":[1,1]},"o":{"x":[0.017,0.017],"y":[0.989,0.989]},"t":56,"s":[0,0]},{"t":71,"s":[10,10]}],"ix":2,"x":"var $bm_rt;\n$bm_rt = loopOut('cycle');"},"p":{"a":0,"k":[0,0],"ix":3},"nm":"Ellipse Path 1","mn":"ADBE Vector Shape - Ellipse","hd":false},{"ty":"fl","c":{"a":0,"k":[0.294117647059,0.537254901961,0.89019613827,1],"ix":4},"o":{"a":0,"k":100,"ix":5},"r":1,"bm":0,"nm":".lottieBusyActivecolor","mn":"ADBE Vector Graphic - Fill","hd":false,"cl":"lottieBusyActivecolor"},{"ty":"tr","p":{"a":0,"k":[0,0],"ix":2},"a":{"a":0,"k":[0,0],"ix":1},"s":{"a":0,"k":[100,100],"ix":3},"r":{"a":0,"k":0,"ix":6},"o":{"a":0,"k":100,"ix":7},"sk":{"a":0,"k":0,"ix":4},"sa":{"a":0,"k":0,"ix":5},"nm":"Transform"}],"nm":".lottieBusyActivecolor","np":2,"cix":2,"bm":0,"ix":1,"mn":"ADBE Vector Group","hd":false,"cl":"lottieBusyActivecolor"}],"ip":56,"op":132,"st":56,"bm":0},{"ddd":0,"ind":15,"ty":4,"nm":"Korn 21","parent":10,"sr":1,"ks":{"o":{"a":0,"k":100,"ix":11,"x":"var $bm_rt;\n$bm_rt = time < $bm_sum(thisLayer.startTime, thisComp.layer('Null 1').effect('Particleloopdur')(1)) ? 100 : 0;"},"r":{"a":0,"k":0,"ix":10},"p":{"s":true,"x":{"a":1,"k":[{"i":{"x":[0.833],"y":[0.833]},"o":{"x":[0.167],"y":[0.167]},"t":58,"s":[0]},{"t":73,"s":[4.8]}],"ix":3,"x":"var $bm_rt;\n$bm_rt = loopOut('cycle');"},"y":{"a":1,"k":[{"i":{"x":[0.962],"y":[0.61]},"o":{"x":[0.344],"y":[0.051]},"t":58,"s":[-0.102]},{"t":73,"s":[223.198]}],"ix":4,"x":"var $bm_rt;\n$bm_rt = loopOut('cycle');"}},"a":{"a":0,"k":[0,0,0],"ix":1},"s":{"a":0,"k":[149,149,100],"ix":6}},"ao":0,"shapes":[{"ty":"gr","it":[{"d":1,"ty":"el","s":{"a":1,"k":[{"i":{"x":[0.109,0.109],"y":[1,1]},"o":{"x":[0.017,0.017],"y":[0.989,0.989]},"t":58,"s":[0,0]},{"t":73,"s":[10,10]}],"ix":2,"x":"var $bm_rt;\n$bm_rt = loopOut('cycle');"},"p":{"a":0,"k":[0,0],"ix":3},"nm":"Ellipse Path 1","mn":"ADBE Vector Shape - Ellipse","hd":false},{"ty":"fl","c":{"a":0,"k":[0.294117647059,0.537254901961,0.89019613827,1],"ix":4},"o":{"a":0,"k":100,"ix":5},"r":1,"bm":0,"nm":".lottieBusyActivecolor","mn":"ADBE Vector Graphic - Fill","hd":false,"cl":"lottieBusyActivecolor"},{"ty":"tr","p":{"a":0,"k":[0,0],"ix":2},"a":{"a":0,"k":[0,0],"ix":1},"s":{"a":0,"k":[100,100],"ix":3},"r":{"a":0,"k":0,"ix":6},"o":{"a":0,"k":100,"ix":7},"sk":{"a":0,"k":0,"ix":4},"sa":{"a":0,"k":0,"ix":5},"nm":"Transform"}],"nm":".lottieBusyActivecolor","np":2,"cix":2,"bm":0,"ix":1,"mn":"ADBE Vector Group","hd":false,"cl":"lottieBusyActivecolor"}],"ip":58,"op":132,"st":58,"bm":0},{"ddd":0,"ind":16,"ty":4,"nm":"Korn 3","parent":10,"sr":1,"ks":{"o":{"a":0,"k":100,"ix":11,"x":"var $bm_rt;\n$bm_rt = time < $bm_sum(thisLayer.startTime, thisComp.layer('Null 1').effect('Particleloopdur')(1)) ? 100 : 0;"},"r":{"a":0,"k":0,"ix":10},"p":{"s":true,"x":{"a":1,"k":[{"i":{"x":[0.833],"y":[0.833]},"o":{"x":[0.167],"y":[0.167]},"t":54,"s":[0]},{"t":69,"s":[4.8]}],"ix":3,"x":"var $bm_rt;\n$bm_rt = loopOut('cycle');"},"y":{"a":1,"k":[{"i":{"x":[0.962],"y":[0.61]},"o":{"x":[0.344],"y":[0.051]},"t":54,"s":[-0.102]},{"t":69,"s":[223.198]}],"ix":4,"x":"var $bm_rt;\n$bm_rt = loopOut('cycle');"}},"a":{"a":0,"k":[0,0,0],"ix":1},"s":{"a":0,"k":[149,149,100],"ix":6}},"ao":0,"shapes":[{"ty":"gr","it":[{"d":1,"ty":"el","s":{"a":1,"k":[{"i":{"x":[0.109,0.109],"y":[1,1]},"o":{"x":[0.017,0.017],"y":[0.989,0.989]},"t":54,"s":[0,0]},{"t":69,"s":[10,10]}],"ix":2,"x":"var $bm_rt;\n$bm_rt = loopOut('cycle');"},"p":{"a":0,"k":[0,0],"ix":3},"nm":"Ellipse Path 1","mn":"ADBE Vector Shape - Ellipse","hd":false},{"ty":"fl","c":{"a":0,"k":[0.294117647059,0.537254901961,0.89019613827,1],"ix":4},"o":{"a":0,"k":100,"ix":5},"r":1,"bm":0,"nm":".lottieBusyActivecolor","mn":"ADBE Vector Graphic - Fill","hd":false,"cl":"lottieBusyActivecolor"},{"ty":"tr","p":{"a":0,"k":[0,0],"ix":2},"a":{"a":0,"k":[0,0],"ix":1},"s":{"a":0,"k":[100,100],"ix":3},"r":{"a":0,"k":0,"ix":6},"o":{"a":0,"k":100,"ix":7},"sk":{"a":0,"k":0,"ix":4},"sa":{"a":0,"k":0,"ix":5},"nm":"Transform"}],"nm":".lottieBusyActivecolor","np":2,"cix":2,"bm":0,"ix":1,"mn":"ADBE Vector Group","hd":false,"cl":"lottieBusyActivecolor"}],"ip":54,"op":132,"st":54,"bm":0},{"ddd":0,"ind":17,"ty":4,"nm":"Korn 31","parent":10,"sr":1,"ks":{"o":{"a":0,"k":100,"ix":11,"x":"var $bm_rt;\n$bm_rt = time < $bm_sum(thisLayer.startTime, thisComp.layer('Null 1').effect('Particleloopdur')(1)) ? 100 : 0;"},"r":{"a":0,"k":0,"ix":10},"p":{"s":true,"x":{"a":1,"k":[{"i":{"x":[0.833],"y":[0.833]},"o":{"x":[0.167],"y":[0.167]},"t":50,"s":[0]},{"t":65,"s":[-5.2]}],"ix":3,"x":"var $bm_rt;\n$bm_rt = loopOut('cycle');"},"y":{"a":1,"k":[{"i":{"x":[0.962],"y":[0.61]},"o":{"x":[0.344],"y":[0.051]},"t":50,"s":[-0.102]},{"t":65,"s":[223.198]}],"ix":4,"x":"var $bm_rt;\n$bm_rt = loopOut('cycle');"}},"a":{"a":0,"k":[0,0,0],"ix":1},"s":{"a":0,"k":[149,149,100],"ix":6}},"ao":0,"shapes":[{"ty":"gr","it":[{"d":1,"ty":"el","s":{"a":1,"k":[{"i":{"x":[0.109,0.109],"y":[1,1]},"o":{"x":[0.017,0.017],"y":[0.989,0.989]},"t":50,"s":[0,0]},{"t":65,"s":[10,10]}],"ix":2,"x":"var $bm_rt;\n$bm_rt = loopOut('cycle');"},"p":{"a":0,"k":[0,0],"ix":3},"nm":"Ellipse Path 1","mn":"ADBE Vector Shape - Ellipse","hd":false},{"ty":"fl","c":{"a":0,"k":[0.294117647059,0.537254901961,0.89019613827,1],"ix":4},"o":{"a":0,"k":100,"ix":5},"r":1,"bm":0,"nm":".lottieBusyActivecolor","mn":"ADBE Vector Graphic - Fill","hd":false,"cl":"lottieBusyActivecolor"},{"ty":"tr","p":{"a":0,"k":[0,0],"ix":2},"a":{"a":0,"k":[0,0],"ix":1},"s":{"a":0,"k":[100,100],"ix":3},"r":{"a":0,"k":0,"ix":6},"o":{"a":0,"k":100,"ix":7},"sk":{"a":0,"k":0,"ix":4},"sa":{"a":0,"k":0,"ix":5},"nm":"Transform"}],"nm":".lottieBusyActivecolor","np":2,"cix":2,"bm":0,"ix":1,"mn":"ADBE Vector Group","hd":false,"cl":"lottieBusyActivecolor"}],"ip":50,"op":132,"st":50,"bm":0},{"ddd":0,"ind":18,"ty":4,"nm":"Korn 20","parent":10,"sr":1,"ks":{"o":{"a":0,"k":100,"ix":11,"x":"var $bm_rt;\n$bm_rt = time < $bm_sum(thisLayer.startTime, thisComp.layer('Null 1').effect('Particleloopdur')(1)) ? 100 : 0;"},"r":{"a":0,"k":0,"ix":10},"p":{"s":true,"x":{"a":1,"k":[{"i":{"x":[0.833],"y":[0.833]},"o":{"x":[0.167],"y":[0.167]},"t":62,"s":[0]},{"t":77,"s":[-5.2]}],"ix":3,"x":"var $bm_rt;\n$bm_rt = loopOut('cycle');"},"y":{"a":1,"k":[{"i":{"x":[0.962],"y":[0.61]},"o":{"x":[0.344],"y":[0.051]},"t":62,"s":[-0.102]},{"t":77,"s":[223.198]}],"ix":4,"x":"var $bm_rt;\n$bm_rt = loopOut('cycle');"}},"a":{"a":0,"k":[0,0,0],"ix":1},"s":{"a":0,"k":[149,149,100],"ix":6}},"ao":0,"shapes":[{"ty":"gr","it":[{"d":1,"ty":"el","s":{"a":1,"k":[{"i":{"x":[0.109,0.109],"y":[1,1]},"o":{"x":[0.017,0.017],"y":[0.989,0.989]},"t":62,"s":[0,0]},{"t":77,"s":[10,10]}],"ix":2,"x":"var $bm_rt;\n$bm_rt = loopOut('cycle');"},"p":{"a":0,"k":[0,0],"ix":3},"nm":"Ellipse Path 1","mn":"ADBE Vector Shape - Ellipse","hd":false},{"ty":"fl","c":{"a":0,"k":[0.294117647059,0.537254901961,0.89019613827,1],"ix":4},"o":{"a":0,"k":100,"ix":5},"r":1,"bm":0,"nm":".lottieBusyActivecolor","mn":"ADBE Vector Graphic - Fill","hd":false,"cl":"lottieBusyActivecolor"},{"ty":"tr","p":{"a":0,"k":[0,0],"ix":2},"a":{"a":0,"k":[0,0],"ix":1},"s":{"a":0,"k":[100,100],"ix":3},"r":{"a":0,"k":0,"ix":6},"o":{"a":0,"k":100,"ix":7},"sk":{"a":0,"k":0,"ix":4},"sa":{"a":0,"k":0,"ix":5},"nm":"Transform"}],"nm":".lottieBusyActivecolor","np":2,"cix":2,"bm":0,"ix":1,"mn":"ADBE Vector Group","hd":false,"cl":"lottieBusyActivecolor"}],"ip":62,"op":132,"st":62,"bm":0},{"ddd":0,"ind":19,"ty":4,"nm":"Korn 4","parent":10,"sr":1,"ks":{"o":{"a":0,"k":100,"ix":11,"x":"var $bm_rt;\n$bm_rt = time < $bm_sum(thisLayer.startTime, thisComp.layer('Null 1').effect('Particleloopdur')(1)) ? 100 : 0;"},"r":{"a":0,"k":0,"ix":10},"p":{"s":true,"x":{"a":1,"k":[{"i":{"x":[0.833],"y":[0.833]},"o":{"x":[0.167],"y":[0.167]},"t":54,"s":[0]},{"t":69,"s":[-5.2]}],"ix":3,"x":"var $bm_rt;\n$bm_rt = loopOut('cycle');"},"y":{"a":1,"k":[{"i":{"x":[0.962],"y":[0.61]},"o":{"x":[0.344],"y":[0.051]},"t":54,"s":[-0.102]},{"t":69,"s":[223.198]}],"ix":4,"x":"var $bm_rt;\n$bm_rt = loopOut('cycle');"}},"a":{"a":0,"k":[0,0,0],"ix":1},"s":{"a":0,"k":[149,149,100],"ix":6}},"ao":0,"shapes":[{"ty":"gr","it":[{"d":1,"ty":"el","s":{"a":1,"k":[{"i":{"x":[0.109,0.109],"y":[1,1]},"o":{"x":[0.017,0.017],"y":[0.989,0.989]},"t":54,"s":[0,0]},{"t":69,"s":[10,10]}],"ix":2,"x":"var $bm_rt;\n$bm_rt = loopOut('cycle');"},"p":{"a":0,"k":[0,0],"ix":3},"nm":"Ellipse Path 1","mn":"ADBE Vector Shape - Ellipse","hd":false},{"ty":"fl","c":{"a":0,"k":[0.294117647059,0.537254901961,0.89019613827,1],"ix":4},"o":{"a":0,"k":100,"ix":5},"r":1,"bm":0,"nm":".lottieBusyActivecolor","mn":"ADBE Vector Graphic - Fill","hd":false,"cl":"lottieBusyActivecolor"},{"ty":"tr","p":{"a":0,"k":[0,0],"ix":2},"a":{"a":0,"k":[0,0],"ix":1},"s":{"a":0,"k":[100,100],"ix":3},"r":{"a":0,"k":0,"ix":6},"o":{"a":0,"k":100,"ix":7},"sk":{"a":0,"k":0,"ix":4},"sa":{"a":0,"k":0,"ix":5},"nm":"Transform"}],"nm":".lottieBusyActivecolor","np":2,"cix":2,"bm":0,"ix":1,"mn":"ADBE Vector Group","hd":false,"cl":"lottieBusyActivecolor"}],"ip":54,"op":132,"st":54,"bm":0},{"ddd":0,"ind":20,"ty":4,"nm":"Korn 30","parent":10,"sr":1,"ks":{"o":{"a":0,"k":100,"ix":11,"x":"var $bm_rt;\n$bm_rt = time < $bm_sum(thisLayer.startTime, thisComp.layer('Null 1').effect('Particleloopdur')(1)) ? 100 : 0;"},"r":{"a":0,"k":0,"ix":10},"p":{"s":true,"x":{"a":1,"k":[{"i":{"x":[0.833],"y":[0.833]},"o":{"x":[0.167],"y":[0.167]},"t":55,"s":[0]},{"t":70,"s":[-14.2]}],"ix":3,"x":"var $bm_rt;\n$bm_rt = loopOut('cycle');"},"y":{"a":1,"k":[{"i":{"x":[0.962],"y":[0.61]},"o":{"x":[0.344],"y":[0.051]},"t":55,"s":[-0.102]},{"t":70,"s":[223.198]}],"ix":4,"x":"var $bm_rt;\n$bm_rt = loopOut('cycle');"}},"a":{"a":0,"k":[0,0,0],"ix":1},"s":{"a":0,"k":[149,149,100],"ix":6}},"ao":0,"shapes":[{"ty":"gr","it":[{"d":1,"ty":"el","s":{"a":1,"k":[{"i":{"x":[0.109,0.109],"y":[1,1]},"o":{"x":[0.017,0.017],"y":[0.989,0.989]},"t":55,"s":[0,0]},{"t":70,"s":[10,10]}],"ix":2,"x":"var $bm_rt;\n$bm_rt = loopOut('cycle');"},"p":{"a":0,"k":[0,0],"ix":3},"nm":"Ellipse Path 1","mn":"ADBE Vector Shape - Ellipse","hd":false},{"ty":"fl","c":{"a":0,"k":[0.294117647059,0.537254901961,0.89019613827,1],"ix":4},"o":{"a":0,"k":100,"ix":5},"r":1,"bm":0,"nm":".lottieBusyActivecolor","mn":"ADBE Vector Graphic - Fill","hd":false,"cl":"lottieBusyActivecolor"},{"ty":"tr","p":{"a":0,"k":[0,0],"ix":2},"a":{"a":0,"k":[0,0],"ix":1},"s":{"a":0,"k":[100,100],"ix":3},"r":{"a":0,"k":0,"ix":6},"o":{"a":0,"k":100,"ix":7},"sk":{"a":0,"k":0,"ix":4},"sa":{"a":0,"k":0,"ix":5},"nm":"Transform"}],"nm":".lottieBusyActivecolor","np":2,"cix":2,"bm":0,"ix":1,"mn":"ADBE Vector Group","hd":false,"cl":"lottieBusyActivecolor"}],"ip":55,"op":132,"st":55,"bm":0},{"ddd":0,"ind":21,"ty":4,"nm":"Korn 19","parent":10,"sr":1,"ks":{"o":{"a":0,"k":100,"ix":11,"x":"var $bm_rt;\n$bm_rt = time < $bm_sum(thisLayer.startTime, thisComp.layer('Null 1').effect('Particleloopdur')(1)) ? 100 : 0;"},"r":{"a":0,"k":0,"ix":10},"p":{"s":true,"x":{"a":1,"k":[{"i":{"x":[0.833],"y":[0.833]},"o":{"x":[0.167],"y":[0.167]},"t":50,"s":[0]},{"t":65,"s":[-14.2]}],"ix":3,"x":"var $bm_rt;\n$bm_rt = loopOut('cycle');"},"y":{"a":1,"k":[{"i":{"x":[0.962],"y":[0.61]},"o":{"x":[0.344],"y":[0.051]},"t":50,"s":[-0.102]},{"t":65,"s":[223.198]}],"ix":4,"x":"var $bm_rt;\n$bm_rt = loopOut('cycle');"}},"a":{"a":0,"k":[0,0,0],"ix":1},"s":{"a":0,"k":[149,149,100],"ix":6}},"ao":0,"shapes":[{"ty":"gr","it":[{"d":1,"ty":"el","s":{"a":1,"k":[{"i":{"x":[0.109,0.109],"y":[1,1]},"o":{"x":[0.017,0.017],"y":[0.989,0.989]},"t":50,"s":[0,0]},{"t":65,"s":[10,10]}],"ix":2,"x":"var $bm_rt;\n$bm_rt = loopOut('cycle');"},"p":{"a":0,"k":[0,0],"ix":3},"nm":"Ellipse Path 1","mn":"ADBE Vector Shape - Ellipse","hd":false},{"ty":"fl","c":{"a":0,"k":[0.294117647059,0.537254901961,0.89019613827,1],"ix":4},"o":{"a":0,"k":100,"ix":5},"r":1,"bm":0,"nm":".lottieBusyActivecolor","mn":"ADBE Vector Graphic - Fill","hd":false,"cl":"lottieBusyActivecolor"},{"ty":"tr","p":{"a":0,"k":[0,0],"ix":2},"a":{"a":0,"k":[0,0],"ix":1},"s":{"a":0,"k":[100,100],"ix":3},"r":{"a":0,"k":0,"ix":6},"o":{"a":0,"k":100,"ix":7},"sk":{"a":0,"k":0,"ix":4},"sa":{"a":0,"k":0,"ix":5},"nm":"Transform"}],"nm":".lottieBusyActivecolor","np":2,"cix":2,"bm":0,"ix":1,"mn":"ADBE Vector Group","hd":false,"cl":"lottieBusyActivecolor"}],"ip":50,"op":132,"st":50,"bm":0},{"ddd":0,"ind":22,"ty":4,"nm":"Korn 5","parent":10,"sr":1,"ks":{"o":{"a":0,"k":100,"ix":11,"x":"var $bm_rt;\n$bm_rt = time < $bm_sum(thisLayer.startTime, thisComp.layer('Null 1').effect('Particleloopdur')(1)) ? 100 : 0;"},"r":{"a":0,"k":0,"ix":10},"p":{"s":true,"x":{"a":1,"k":[{"i":{"x":[0.833],"y":[0.833]},"o":{"x":[0.167],"y":[0.167]},"t":56,"s":[0]},{"t":71,"s":[-14.2]}],"ix":3,"x":"var $bm_rt;\n$bm_rt = loopOut('cycle');"},"y":{"a":1,"k":[{"i":{"x":[0.962],"y":[0.61]},"o":{"x":[0.344],"y":[0.051]},"t":56,"s":[-0.102]},{"t":71,"s":[223.198]}],"ix":4,"x":"var $bm_rt;\n$bm_rt = loopOut('cycle');"}},"a":{"a":0,"k":[0,0,0],"ix":1},"s":{"a":0,"k":[149,149,100],"ix":6}},"ao":0,"shapes":[{"ty":"gr","it":[{"d":1,"ty":"el","s":{"a":1,"k":[{"i":{"x":[0.109,0.109],"y":[1,1]},"o":{"x":[0.017,0.017],"y":[0.989,0.989]},"t":56,"s":[0,0]},{"t":71,"s":[10,10]}],"ix":2,"x":"var $bm_rt;\n$bm_rt = loopOut('cycle');"},"p":{"a":0,"k":[0,0],"ix":3},"nm":"Ellipse Path 1","mn":"ADBE Vector Shape - Ellipse","hd":false},{"ty":"fl","c":{"a":0,"k":[0.294117647059,0.537254901961,0.89019613827,1],"ix":4},"o":{"a":0,"k":100,"ix":5},"r":1,"bm":0,"nm":".lottieBusyActivecolor","mn":"ADBE Vector Graphic - Fill","hd":false,"cl":"lottieBusyActivecolor"},{"ty":"tr","p":{"a":0,"k":[0,0],"ix":2},"a":{"a":0,"k":[0,0],"ix":1},"s":{"a":0,"k":[100,100],"ix":3},"r":{"a":0,"k":0,"ix":6},"o":{"a":0,"k":100,"ix":7},"sk":{"a":0,"k":0,"ix":4},"sa":{"a":0,"k":0,"ix":5},"nm":"Transform"}],"nm":".lottieBusyActivecolor","np":2,"cix":2,"bm":0,"ix":1,"mn":"ADBE Vector Group","hd":false,"cl":"lottieBusyActivecolor"}],"ip":56,"op":132,"st":56,"bm":0},{"ddd":0,"ind":23,"ty":4,"nm":"Korn 29","parent":10,"sr":1,"ks":{"o":{"a":0,"k":100,"ix":11,"x":"var $bm_rt;\n$bm_rt = time < $bm_sum(thisLayer.startTime, thisComp.layer('Null 1').effect('Particleloopdur')(1)) ? 100 : 0;"},"r":{"a":0,"k":0,"ix":10},"p":{"s":true,"x":{"a":1,"k":[{"i":{"x":[0.833],"y":[0.833]},"o":{"x":[0.167],"y":[0.167]},"t":61,"s":[0]},{"t":76,"s":[-21.2]}],"ix":3,"x":"var $bm_rt;\n$bm_rt = loopOut('cycle');"},"y":{"a":1,"k":[{"i":{"x":[0.962],"y":[0.61]},"o":{"x":[0.344],"y":[0.051]},"t":61,"s":[-0.102]},{"t":76,"s":[223.198]}],"ix":4,"x":"var $bm_rt;\n$bm_rt = loopOut('cycle');"}},"a":{"a":0,"k":[0,0,0],"ix":1},"s":{"a":0,"k":[149,149,100],"ix":6}},"ao":0,"shapes":[{"ty":"gr","it":[{"d":1,"ty":"el","s":{"a":1,"k":[{"i":{"x":[0.109,0.109],"y":[1,1]},"o":{"x":[0.017,0.017],"y":[0.989,0.989]},"t":61,"s":[0,0]},{"t":76,"s":[10,10]}],"ix":2,"x":"var $bm_rt;\n$bm_rt = loopOut('cycle');"},"p":{"a":0,"k":[0,0],"ix":3},"nm":"Ellipse Path 1","mn":"ADBE Vector Shape - Ellipse","hd":false},{"ty":"fl","c":{"a":0,"k":[0.294117647059,0.537254901961,0.89019613827,1],"ix":4},"o":{"a":0,"k":100,"ix":5},"r":1,"bm":0,"nm":".lottieBusyActivecolor","mn":"ADBE Vector Graphic - Fill","hd":false,"cl":"lottieBusyActivecolor"},{"ty":"tr","p":{"a":0,"k":[0,0],"ix":2},"a":{"a":0,"k":[0,0],"ix":1},"s":{"a":0,"k":[100,100],"ix":3},"r":{"a":0,"k":0,"ix":6},"o":{"a":0,"k":100,"ix":7},"sk":{"a":0,"k":0,"ix":4},"sa":{"a":0,"k":0,"ix":5},"nm":"Transform"}],"nm":".lottieBusyActivecolor","np":2,"cix":2,"bm":0,"ix":1,"mn":"ADBE Vector Group","hd":false,"cl":"lottieBusyActivecolor"}],"ip":61,"op":132,"st":61,"bm":0},{"ddd":0,"ind":24,"ty":4,"nm":"Korn 18","parent":10,"sr":1,"ks":{"o":{"a":0,"k":100,"ix":11,"x":"var $bm_rt;\n$bm_rt = time < $bm_sum(thisLayer.startTime, thisComp.layer('Null 1').effect('Particleloopdur')(1)) ? 100 : 0;"},"r":{"a":0,"k":0,"ix":10},"p":{"s":true,"x":{"a":1,"k":[{"i":{"x":[0.833],"y":[0.833]},"o":{"x":[0.167],"y":[0.167]},"t":55,"s":[0]},{"t":70,"s":[-21.2]}],"ix":3,"x":"var $bm_rt;\n$bm_rt = loopOut('cycle');"},"y":{"a":1,"k":[{"i":{"x":[0.962],"y":[0.61]},"o":{"x":[0.344],"y":[0.051]},"t":55,"s":[-0.102]},{"t":70,"s":[223.198]}],"ix":4,"x":"var $bm_rt;\n$bm_rt = loopOut('cycle');"}},"a":{"a":0,"k":[0,0,0],"ix":1},"s":{"a":0,"k":[149,149,100],"ix":6}},"ao":0,"shapes":[{"ty":"gr","it":[{"d":1,"ty":"el","s":{"a":1,"k":[{"i":{"x":[0.109,0.109],"y":[1,1]},"o":{"x":[0.017,0.017],"y":[0.989,0.989]},"t":55,"s":[0,0]},{"t":70,"s":[10,10]}],"ix":2,"x":"var $bm_rt;\n$bm_rt = loopOut('cycle');"},"p":{"a":0,"k":[0,0],"ix":3},"nm":"Ellipse Path 1","mn":"ADBE Vector Shape - Ellipse","hd":false},{"ty":"fl","c":{"a":0,"k":[0.294117647059,0.537254901961,0.89019613827,1],"ix":4},"o":{"a":0,"k":100,"ix":5},"r":1,"bm":0,"nm":".lottieBusyActivecolor","mn":"ADBE Vector Graphic - Fill","hd":false,"cl":"lottieBusyActivecolor"},{"ty":"tr","p":{"a":0,"k":[0,0],"ix":2},"a":{"a":0,"k":[0,0],"ix":1},"s":{"a":0,"k":[100,100],"ix":3},"r":{"a":0,"k":0,"ix":6},"o":{"a":0,"k":100,"ix":7},"sk":{"a":0,"k":0,"ix":4},"sa":{"a":0,"k":0,"ix":5},"nm":"Transform"}],"nm":".lottieBusyActivecolor","np":2,"cix":2,"bm":0,"ix":1,"mn":"ADBE Vector Group","hd":false,"cl":"lottieBusyActivecolor"}],"ip":55,"op":132,"st":55,"bm":0},{"ddd":0,"ind":25,"ty":4,"nm":"Korn 6","parent":10,"sr":1,"ks":{"o":{"a":0,"k":100,"ix":11,"x":"var $bm_rt;\n$bm_rt = time < $bm_sum(thisLayer.startTime, thisComp.layer('Null 1').effect('Particleloopdur')(1)) ? 100 : 0;"},"r":{"a":0,"k":0,"ix":10},"p":{"s":true,"x":{"a":1,"k":[{"i":{"x":[0.833],"y":[0.833]},"o":{"x":[0.167],"y":[0.167]},"t":51,"s":[0]},{"t":66,"s":[-21.2]}],"ix":3,"x":"var $bm_rt;\n$bm_rt = loopOut('cycle');"},"y":{"a":1,"k":[{"i":{"x":[0.962],"y":[0.61]},"o":{"x":[0.344],"y":[0.051]},"t":51,"s":[-0.102]},{"t":66,"s":[223.198]}],"ix":4,"x":"var $bm_rt;\n$bm_rt = loopOut('cycle');"}},"a":{"a":0,"k":[0,0,0],"ix":1},"s":{"a":0,"k":[149,149,100],"ix":6}},"ao":0,"shapes":[{"ty":"gr","it":[{"d":1,"ty":"el","s":{"a":1,"k":[{"i":{"x":[0.109,0.109],"y":[1,1]},"o":{"x":[0.017,0.017],"y":[0.989,0.989]},"t":51,"s":[0,0]},{"t":66,"s":[10,10]}],"ix":2,"x":"var $bm_rt;\n$bm_rt = loopOut('cycle');"},"p":{"a":0,"k":[0,0],"ix":3},"nm":"Ellipse Path 1","mn":"ADBE Vector Shape - Ellipse","hd":false},{"ty":"fl","c":{"a":0,"k":[0.294117647059,0.537254901961,0.89019613827,1],"ix":4},"o":{"a":0,"k":100,"ix":5},"r":1,"bm":0,"nm":".lottieBusyActivecolor","mn":"ADBE Vector Graphic - Fill","hd":false,"cl":"lottieBusyActivecolor"},{"ty":"tr","p":{"a":0,"k":[0,0],"ix":2},"a":{"a":0,"k":[0,0],"ix":1},"s":{"a":0,"k":[100,100],"ix":3},"r":{"a":0,"k":0,"ix":6},"o":{"a":0,"k":100,"ix":7},"sk":{"a":0,"k":0,"ix":4},"sa":{"a":0,"k":0,"ix":5},"nm":"Transform"}],"nm":".lottieBusyActivecolor","np":2,"cix":2,"bm":0,"ix":1,"mn":"ADBE Vector Group","hd":false,"cl":"lottieBusyActivecolor"}],"ip":51,"op":132,"st":51,"bm":0},{"ddd":0,"ind":26,"ty":4,"nm":"Korn 28","parent":10,"sr":1,"ks":{"o":{"a":0,"k":100,"ix":11,"x":"var $bm_rt;\n$bm_rt = time < $bm_sum(thisLayer.startTime, thisComp.layer('Null 1').effect('Particleloopdur')(1)) ? 100 : 0;"},"r":{"a":0,"k":0,"ix":10},"p":{"s":true,"x":{"a":1,"k":[{"i":{"x":[0.833],"y":[0.833]},"o":{"x":[0.167],"y":[0.167]},"t":58,"s":[0]},{"t":73,"s":[-12.2]}],"ix":3,"x":"var $bm_rt;\n$bm_rt = loopOut('cycle');"},"y":{"a":1,"k":[{"i":{"x":[0.962],"y":[0.61]},"o":{"x":[0.344],"y":[0.051]},"t":58,"s":[-0.102]},{"t":73,"s":[223.198]}],"ix":4,"x":"var $bm_rt;\n$bm_rt = loopOut('cycle');"}},"a":{"a":0,"k":[0,0,0],"ix":1},"s":{"a":0,"k":[149,149,100],"ix":6}},"ao":0,"shapes":[{"ty":"gr","it":[{"d":1,"ty":"el","s":{"a":1,"k":[{"i":{"x":[0.109,0.109],"y":[1,1]},"o":{"x":[0.017,0.017],"y":[0.989,0.989]},"t":58,"s":[0,0]},{"t":73,"s":[10,10]}],"ix":2,"x":"var $bm_rt;\n$bm_rt = loopOut('cycle');"},"p":{"a":0,"k":[0,0],"ix":3},"nm":"Ellipse Path 1","mn":"ADBE Vector Shape - Ellipse","hd":false},{"ty":"fl","c":{"a":0,"k":[0.294117647059,0.537254901961,0.89019613827,1],"ix":4},"o":{"a":0,"k":100,"ix":5},"r":1,"bm":0,"nm":".lottieBusyActivecolor","mn":"ADBE Vector Graphic - Fill","hd":false,"cl":"lottieBusyActivecolor"},{"ty":"tr","p":{"a":0,"k":[0,0],"ix":2},"a":{"a":0,"k":[0,0],"ix":1},"s":{"a":0,"k":[100,100],"ix":3},"r":{"a":0,"k":0,"ix":6},"o":{"a":0,"k":100,"ix":7},"sk":{"a":0,"k":0,"ix":4},"sa":{"a":0,"k":0,"ix":5},"nm":"Transform"}],"nm":".lottieBusyActivecolor","np":2,"cix":2,"bm":0,"ix":1,"mn":"ADBE Vector Group","hd":false,"cl":"lottieBusyActivecolor"}],"ip":58,"op":132,"st":58,"bm":0},{"ddd":0,"ind":27,"ty":4,"nm":"Korn 17","parent":10,"sr":1,"ks":{"o":{"a":0,"k":100,"ix":11,"x":"var $bm_rt;\n$bm_rt = time < $bm_sum(thisLayer.startTime, thisComp.layer('Null 1').effect('Particleloopdur')(1)) ? 100 : 0;"},"r":{"a":0,"k":0,"ix":10},"p":{"s":true,"x":{"a":1,"k":[{"i":{"x":[0.833],"y":[0.833]},"o":{"x":[0.167],"y":[0.167]},"t":59,"s":[0]},{"t":74,"s":[-12.2]}],"ix":3,"x":"var $bm_rt;\n$bm_rt = loopOut('cycle');"},"y":{"a":1,"k":[{"i":{"x":[0.962],"y":[0.61]},"o":{"x":[0.344],"y":[0.051]},"t":59,"s":[-0.102]},{"t":74,"s":[223.198]}],"ix":4,"x":"var $bm_rt;\n$bm_rt = loopOut('cycle');"}},"a":{"a":0,"k":[0,0,0],"ix":1},"s":{"a":0,"k":[149,149,100],"ix":6}},"ao":0,"shapes":[{"ty":"gr","it":[{"d":1,"ty":"el","s":{"a":1,"k":[{"i":{"x":[0.109,0.109],"y":[1,1]},"o":{"x":[0.017,0.017],"y":[0.989,0.989]},"t":59,"s":[0,0]},{"t":74,"s":[10,10]}],"ix":2,"x":"var $bm_rt;\n$bm_rt = loopOut('cycle');"},"p":{"a":0,"k":[0,0],"ix":3},"nm":"Ellipse Path 1","mn":"ADBE Vector Shape - Ellipse","hd":false},{"ty":"fl","c":{"a":0,"k":[0.294117647059,0.537254901961,0.89019613827,1],"ix":4},"o":{"a":0,"k":100,"ix":5},"r":1,"bm":0,"nm":".lottieBusyActivecolor","mn":"ADBE Vector Graphic - Fill","hd":false,"cl":"lottieBusyActivecolor"},{"ty":"tr","p":{"a":0,"k":[0,0],"ix":2},"a":{"a":0,"k":[0,0],"ix":1},"s":{"a":0,"k":[100,100],"ix":3},"r":{"a":0,"k":0,"ix":6},"o":{"a":0,"k":100,"ix":7},"sk":{"a":0,"k":0,"ix":4},"sa":{"a":0,"k":0,"ix":5},"nm":"Transform"}],"nm":".lottieBusyActivecolor","np":2,"cix":2,"bm":0,"ix":1,"mn":"ADBE Vector Group","hd":false,"cl":"lottieBusyActivecolor"}],"ip":59,"op":132,"st":59,"bm":0},{"ddd":0,"ind":28,"ty":4,"nm":"Korn 7","parent":10,"sr":1,"ks":{"o":{"a":0,"k":100,"ix":11,"x":"var $bm_rt;\n$bm_rt = time < $bm_sum(thisLayer.startTime, thisComp.layer('Null 1').effect('Particleloopdur')(1)) ? 100 : 0;"},"r":{"a":0,"k":0,"ix":10},"p":{"s":true,"x":{"a":1,"k":[{"i":{"x":[0.833],"y":[0.833]},"o":{"x":[0.167],"y":[0.167]},"t":59,"s":[0]},{"t":74,"s":[-12.2]}],"ix":3,"x":"var $bm_rt;\n$bm_rt = loopOut('cycle');"},"y":{"a":1,"k":[{"i":{"x":[0.962],"y":[0.61]},"o":{"x":[0.344],"y":[0.051]},"t":59,"s":[-0.102]},{"t":74,"s":[223.198]}],"ix":4,"x":"var $bm_rt;\n$bm_rt = loopOut('cycle');"}},"a":{"a":0,"k":[0,0,0],"ix":1},"s":{"a":0,"k":[149,149,100],"ix":6}},"ao":0,"shapes":[{"ty":"gr","it":[{"d":1,"ty":"el","s":{"a":1,"k":[{"i":{"x":[0.109,0.109],"y":[1,1]},"o":{"x":[0.017,0.017],"y":[0.989,0.989]},"t":59,"s":[0,0]},{"t":74,"s":[10,10]}],"ix":2,"x":"var $bm_rt;\n$bm_rt = loopOut('cycle');"},"p":{"a":0,"k":[0,0],"ix":3},"nm":"Ellipse Path 1","mn":"ADBE Vector Shape - Ellipse","hd":false},{"ty":"fl","c":{"a":0,"k":[0.294117647059,0.537254901961,0.89019613827,1],"ix":4},"o":{"a":0,"k":100,"ix":5},"r":1,"bm":0,"nm":".lottieBusyActivecolor","mn":"ADBE Vector Graphic - Fill","hd":false,"cl":"lottieBusyActivecolor"},{"ty":"tr","p":{"a":0,"k":[0,0],"ix":2},"a":{"a":0,"k":[0,0],"ix":1},"s":{"a":0,"k":[100,100],"ix":3},"r":{"a":0,"k":0,"ix":6},"o":{"a":0,"k":100,"ix":7},"sk":{"a":0,"k":0,"ix":4},"sa":{"a":0,"k":0,"ix":5},"nm":"Transform"}],"nm":".lottieBusyActivecolor","np":2,"cix":2,"bm":0,"ix":1,"mn":"ADBE Vector Group","hd":false,"cl":"lottieBusyActivecolor"}],"ip":59,"op":132,"st":59,"bm":0},{"ddd":0,"ind":29,"ty":4,"nm":"Korn 27","parent":10,"sr":1,"ks":{"o":{"a":0,"k":100,"ix":11,"x":"var $bm_rt;\n$bm_rt = time < $bm_sum(thisLayer.startTime, thisComp.layer('Null 1').effect('Particleloopdur')(1)) ? 100 : 0;"},"r":{"a":0,"k":0,"ix":10},"p":{"s":true,"x":{"a":1,"k":[{"i":{"x":[0.833],"y":[0.833]},"o":{"x":[0.167],"y":[0.167]},"t":52,"s":[0]},{"t":67,"s":[-0.2]}],"ix":3,"x":"var $bm_rt;\n$bm_rt = loopOut('cycle');"},"y":{"a":1,"k":[{"i":{"x":[0.962],"y":[0.61]},"o":{"x":[0.344],"y":[0.051]},"t":52,"s":[-0.102]},{"t":67,"s":[223.198]}],"ix":4,"x":"var $bm_rt;\n$bm_rt = loopOut('cycle');"}},"a":{"a":0,"k":[0,0,0],"ix":1},"s":{"a":0,"k":[149,149,100],"ix":6}},"ao":0,"shapes":[{"ty":"gr","it":[{"d":1,"ty":"el","s":{"a":1,"k":[{"i":{"x":[0.109,0.109],"y":[1,1]},"o":{"x":[0.017,0.017],"y":[0.989,0.989]},"t":52,"s":[0,0]},{"t":67,"s":[10,10]}],"ix":2,"x":"var $bm_rt;\n$bm_rt = loopOut('cycle');"},"p":{"a":0,"k":[0,0],"ix":3},"nm":"Ellipse Path 1","mn":"ADBE Vector Shape - Ellipse","hd":false},{"ty":"fl","c":{"a":0,"k":[0.294117647059,0.537254901961,0.89019613827,1],"ix":4},"o":{"a":0,"k":100,"ix":5},"r":1,"bm":0,"nm":".lottieBusyActivecolor","mn":"ADBE Vector Graphic - Fill","hd":false,"cl":"lottieBusyActivecolor"},{"ty":"tr","p":{"a":0,"k":[0,0],"ix":2},"a":{"a":0,"k":[0,0],"ix":1},"s":{"a":0,"k":[100,100],"ix":3},"r":{"a":0,"k":0,"ix":6},"o":{"a":0,"k":100,"ix":7},"sk":{"a":0,"k":0,"ix":4},"sa":{"a":0,"k":0,"ix":5},"nm":"Transform"}],"nm":".lottieBusyActivecolor","np":2,"cix":2,"bm":0,"ix":1,"mn":"ADBE Vector Group","hd":false,"cl":"lottieBusyActivecolor"}],"ip":52,"op":132,"st":52,"bm":0},{"ddd":0,"ind":30,"ty":4,"nm":"Korn 16","parent":10,"sr":1,"ks":{"o":{"a":0,"k":100,"ix":11,"x":"var $bm_rt;\n$bm_rt = time < $bm_sum(thisLayer.startTime, thisComp.layer('Null 1').effect('Particleloopdur')(1)) ? 100 : 0;"},"r":{"a":0,"k":0,"ix":10},"p":{"s":true,"x":{"a":1,"k":[{"i":{"x":[0.833],"y":[0.833]},"o":{"x":[0.167],"y":[0.167]},"t":62,"s":[0]},{"t":77,"s":[-0.2]}],"ix":3,"x":"var $bm_rt;\n$bm_rt = loopOut('cycle');"},"y":{"a":1,"k":[{"i":{"x":[0.962],"y":[0.61]},"o":{"x":[0.344],"y":[0.051]},"t":62,"s":[-0.102]},{"t":77,"s":[223.198]}],"ix":4,"x":"var $bm_rt;\n$bm_rt = loopOut('cycle');"}},"a":{"a":0,"k":[0,0,0],"ix":1},"s":{"a":0,"k":[149,149,100],"ix":6}},"ao":0,"shapes":[{"ty":"gr","it":[{"d":1,"ty":"el","s":{"a":1,"k":[{"i":{"x":[0.109,0.109],"y":[1,1]},"o":{"x":[0.017,0.017],"y":[0.989,0.989]},"t":62,"s":[0,0]},{"t":77,"s":[10,10]}],"ix":2,"x":"var $bm_rt;\n$bm_rt = loopOut('cycle');"},"p":{"a":0,"k":[0,0],"ix":3},"nm":"Ellipse Path 1","mn":"ADBE Vector Shape - Ellipse","hd":false},{"ty":"fl","c":{"a":0,"k":[0.294117647059,0.537254901961,0.89019613827,1],"ix":4},"o":{"a":0,"k":100,"ix":5},"r":1,"bm":0,"nm":".lottieBusyActivecolor","mn":"ADBE Vector Graphic - Fill","hd":false,"cl":"lottieBusyActivecolor"},{"ty":"tr","p":{"a":0,"k":[0,0],"ix":2},"a":{"a":0,"k":[0,0],"ix":1},"s":{"a":0,"k":[100,100],"ix":3},"r":{"a":0,"k":0,"ix":6},"o":{"a":0,"k":100,"ix":7},"sk":{"a":0,"k":0,"ix":4},"sa":{"a":0,"k":0,"ix":5},"nm":"Transform"}],"nm":".lottieBusyActivecolor","np":2,"cix":2,"bm":0,"ix":1,"mn":"ADBE Vector Group","hd":false,"cl":"lottieBusyActivecolor"}],"ip":62,"op":132,"st":62,"bm":0},{"ddd":0,"ind":31,"ty":4,"nm":"Korn 8","parent":10,"sr":1,"ks":{"o":{"a":0,"k":100,"ix":11,"x":"var $bm_rt;\n$bm_rt = time < $bm_sum(thisLayer.startTime, thisComp.layer('Null 1').effect('Particleloopdur')(1)) ? 100 : 0;"},"r":{"a":0,"k":0,"ix":10},"p":{"s":true,"x":{"a":1,"k":[{"i":{"x":[0.833],"y":[0.833]},"o":{"x":[0.167],"y":[0.167]},"t":56,"s":[0]},{"t":71,"s":[-0.2]}],"ix":3,"x":"var $bm_rt;\n$bm_rt = loopOut('cycle');"},"y":{"a":1,"k":[{"i":{"x":[0.962],"y":[0.61]},"o":{"x":[0.344],"y":[0.051]},"t":56,"s":[-0.102]},{"t":71,"s":[223.198]}],"ix":4,"x":"var $bm_rt;\n$bm_rt = loopOut('cycle');"}},"a":{"a":0,"k":[0,0,0],"ix":1},"s":{"a":0,"k":[149,149,100],"ix":6}},"ao":0,"shapes":[{"ty":"gr","it":[{"d":1,"ty":"el","s":{"a":1,"k":[{"i":{"x":[0.109,0.109],"y":[1,1]},"o":{"x":[0.017,0.017],"y":[0.989,0.989]},"t":56,"s":[0,0]},{"t":71,"s":[10,10]}],"ix":2,"x":"var $bm_rt;\n$bm_rt = loopOut('cycle');"},"p":{"a":0,"k":[0,0],"ix":3},"nm":"Ellipse Path 1","mn":"ADBE Vector Shape - Ellipse","hd":false},{"ty":"fl","c":{"a":0,"k":[0.294117647059,0.537254901961,0.89019613827,1],"ix":4},"o":{"a":0,"k":100,"ix":5},"r":1,"bm":0,"nm":".lottieBusyActivecolor","mn":"ADBE Vector Graphic - Fill","hd":false,"cl":"lottieBusyActivecolor"},{"ty":"tr","p":{"a":0,"k":[0,0],"ix":2},"a":{"a":0,"k":[0,0],"ix":1},"s":{"a":0,"k":[100,100],"ix":3},"r":{"a":0,"k":0,"ix":6},"o":{"a":0,"k":100,"ix":7},"sk":{"a":0,"k":0,"ix":4},"sa":{"a":0,"k":0,"ix":5},"nm":"Transform"}],"nm":".lottieBusyActivecolor","np":2,"cix":2,"bm":0,"ix":1,"mn":"ADBE Vector Group","hd":false,"cl":"lottieBusyActivecolor"}],"ip":56,"op":132,"st":56,"bm":0},{"ddd":0,"ind":32,"ty":4,"nm":"Korn 26","parent":10,"sr":1,"ks":{"o":{"a":0,"k":100,"ix":11,"x":"var $bm_rt;\n$bm_rt = time < $bm_sum(thisLayer.startTime, thisComp.layer('Null 1').effect('Particleloopdur')(1)) ? 100 : 0;"},"r":{"a":0,"k":0,"ix":10},"p":{"s":true,"x":{"a":1,"k":[{"i":{"x":[0.833],"y":[0.833]},"o":{"x":[0.167],"y":[0.167]},"t":58,"s":[0]},{"t":73,"s":[7.8]}],"ix":3,"x":"var $bm_rt;\n$bm_rt = loopOut('cycle');"},"y":{"a":1,"k":[{"i":{"x":[0.962],"y":[0.61]},"o":{"x":[0.344],"y":[0.051]},"t":58,"s":[-0.102]},{"t":73,"s":[223.198]}],"ix":4,"x":"var $bm_rt;\n$bm_rt = loopOut('cycle');"}},"a":{"a":0,"k":[0,0,0],"ix":1},"s":{"a":0,"k":[149,149,100],"ix":6}},"ao":0,"shapes":[{"ty":"gr","it":[{"d":1,"ty":"el","s":{"a":1,"k":[{"i":{"x":[0.109,0.109],"y":[1,1]},"o":{"x":[0.017,0.017],"y":[0.989,0.989]},"t":58,"s":[0,0]},{"t":73,"s":[10,10]}],"ix":2,"x":"var $bm_rt;\n$bm_rt = loopOut('cycle');"},"p":{"a":0,"k":[0,0],"ix":3},"nm":"Ellipse Path 1","mn":"ADBE Vector Shape - Ellipse","hd":false},{"ty":"fl","c":{"a":0,"k":[0.294117647059,0.537254901961,0.89019613827,1],"ix":4},"o":{"a":0,"k":100,"ix":5},"r":1,"bm":0,"nm":".lottieBusyActivecolor","mn":"ADBE Vector Graphic - Fill","hd":false,"cl":"lottieBusyActivecolor"},{"ty":"tr","p":{"a":0,"k":[0,0],"ix":2},"a":{"a":0,"k":[0,0],"ix":1},"s":{"a":0,"k":[100,100],"ix":3},"r":{"a":0,"k":0,"ix":6},"o":{"a":0,"k":100,"ix":7},"sk":{"a":0,"k":0,"ix":4},"sa":{"a":0,"k":0,"ix":5},"nm":"Transform"}],"nm":".lottieBusyActivecolor","np":2,"cix":2,"bm":0,"ix":1,"mn":"ADBE Vector Group","hd":false,"cl":"lottieBusyActivecolor"}],"ip":58,"op":132,"st":58,"bm":0},{"ddd":0,"ind":33,"ty":4,"nm":"Korn 15","parent":10,"sr":1,"ks":{"o":{"a":0,"k":100,"ix":11,"x":"var $bm_rt;\n$bm_rt = time < $bm_sum(thisLayer.startTime, thisComp.layer('Null 1').effect('Particleloopdur')(1)) ? 100 : 0;"},"r":{"a":0,"k":0,"ix":10},"p":{"s":true,"x":{"a":1,"k":[{"i":{"x":[0.833],"y":[0.833]},"o":{"x":[0.167],"y":[0.167]},"t":56,"s":[0]},{"t":71,"s":[7.8]}],"ix":3,"x":"var $bm_rt;\n$bm_rt = loopOut('cycle');"},"y":{"a":1,"k":[{"i":{"x":[0.962],"y":[0.61]},"o":{"x":[0.344],"y":[0.051]},"t":56,"s":[-0.102]},{"t":71,"s":[223.198]}],"ix":4,"x":"var $bm_rt;\n$bm_rt = loopOut('cycle');"}},"a":{"a":0,"k":[0,0,0],"ix":1},"s":{"a":0,"k":[149,149,100],"ix":6}},"ao":0,"shapes":[{"ty":"gr","it":[{"d":1,"ty":"el","s":{"a":1,"k":[{"i":{"x":[0.109,0.109],"y":[1,1]},"o":{"x":[0.017,0.017],"y":[0.989,0.989]},"t":56,"s":[0,0]},{"t":71,"s":[10,10]}],"ix":2,"x":"var $bm_rt;\n$bm_rt = loopOut('cycle');"},"p":{"a":0,"k":[0,0],"ix":3},"nm":"Ellipse Path 1","mn":"ADBE Vector Shape - Ellipse","hd":false},{"ty":"fl","c":{"a":0,"k":[0.294117647059,0.537254901961,0.89019613827,1],"ix":4},"o":{"a":0,"k":100,"ix":5},"r":1,"bm":0,"nm":".lottieBusyActivecolor","mn":"ADBE Vector Graphic - Fill","hd":false,"cl":"lottieBusyActivecolor"},{"ty":"tr","p":{"a":0,"k":[0,0],"ix":2},"a":{"a":0,"k":[0,0],"ix":1},"s":{"a":0,"k":[100,100],"ix":3},"r":{"a":0,"k":0,"ix":6},"o":{"a":0,"k":100,"ix":7},"sk":{"a":0,"k":0,"ix":4},"sa":{"a":0,"k":0,"ix":5},"nm":"Transform"}],"nm":".lottieBusyActivecolor","np":2,"cix":2,"bm":0,"ix":1,"mn":"ADBE Vector Group","hd":false,"cl":"lottieBusyActivecolor"}],"ip":56,"op":132,"st":56,"bm":0},{"ddd":0,"ind":34,"ty":4,"nm":"Korn 9","parent":10,"sr":1,"ks":{"o":{"a":0,"k":100,"ix":11,"x":"var $bm_rt;\n$bm_rt = time < $bm_sum(thisLayer.startTime, thisComp.layer('Null 1').effect('Particleloopdur')(1)) ? 100 : 0;"},"r":{"a":0,"k":0,"ix":10},"p":{"s":true,"x":{"a":1,"k":[{"i":{"x":[0.833],"y":[0.833]},"o":{"x":[0.167],"y":[0.167]},"t":60,"s":[0]},{"t":75,"s":[7.8]}],"ix":3,"x":"var $bm_rt;\n$bm_rt = loopOut('cycle');"},"y":{"a":1,"k":[{"i":{"x":[0.962],"y":[0.61]},"o":{"x":[0.344],"y":[0.051]},"t":60,"s":[-0.102]},{"t":75,"s":[223.198]}],"ix":4,"x":"var $bm_rt;\n$bm_rt = loopOut('cycle');"}},"a":{"a":0,"k":[0,0,0],"ix":1},"s":{"a":0,"k":[149,149,100],"ix":6}},"ao":0,"shapes":[{"ty":"gr","it":[{"d":1,"ty":"el","s":{"a":1,"k":[{"i":{"x":[0.109,0.109],"y":[1,1]},"o":{"x":[0.017,0.017],"y":[0.989,0.989]},"t":60,"s":[0,0]},{"t":75,"s":[10,10]}],"ix":2,"x":"var $bm_rt;\n$bm_rt = loopOut('cycle');"},"p":{"a":0,"k":[0,0],"ix":3},"nm":"Ellipse Path 1","mn":"ADBE Vector Shape - Ellipse","hd":false},{"ty":"fl","c":{"a":0,"k":[0.294117647059,0.537254901961,0.89019613827,1],"ix":4},"o":{"a":0,"k":100,"ix":5},"r":1,"bm":0,"nm":".lottieBusyActivecolor","mn":"ADBE Vector Graphic - Fill","hd":false,"cl":"lottieBusyActivecolor"},{"ty":"tr","p":{"a":0,"k":[0,0],"ix":2},"a":{"a":0,"k":[0,0],"ix":1},"s":{"a":0,"k":[100,100],"ix":3},"r":{"a":0,"k":0,"ix":6},"o":{"a":0,"k":100,"ix":7},"sk":{"a":0,"k":0,"ix":4},"sa":{"a":0,"k":0,"ix":5},"nm":"Transform"}],"nm":".lottieBusyActivecolor","np":2,"cix":2,"bm":0,"ix":1,"mn":"ADBE Vector Group","hd":false,"cl":"lottieBusyActivecolor"}],"ip":60,"op":132,"st":60,"bm":0},{"ddd":0,"ind":35,"ty":4,"nm":"Korn 25","parent":10,"sr":1,"ks":{"o":{"a":0,"k":100,"ix":11,"x":"var $bm_rt;\n$bm_rt = time < $bm_sum(thisLayer.startTime, thisComp.layer('Null 1').effect('Particleloopdur')(1)) ? 100 : 0;"},"r":{"a":0,"k":0,"ix":10},"p":{"s":true,"x":{"a":1,"k":[{"i":{"x":[0.833],"y":[0.833]},"o":{"x":[0.167],"y":[0.167]},"t":55,"s":[0]},{"t":70,"s":[13.8]}],"ix":3,"x":"var $bm_rt;\n$bm_rt = loopOut('cycle');"},"y":{"a":1,"k":[{"i":{"x":[0.962],"y":[0.61]},"o":{"x":[0.344],"y":[0.051]},"t":55,"s":[-0.102]},{"t":70,"s":[223.198]}],"ix":4,"x":"var $bm_rt;\n$bm_rt = loopOut('cycle');"}},"a":{"a":0,"k":[0,0,0],"ix":1},"s":{"a":0,"k":[149,149,100],"ix":6}},"ao":0,"shapes":[{"ty":"gr","it":[{"d":1,"ty":"el","s":{"a":1,"k":[{"i":{"x":[0.109,0.109],"y":[1,1]},"o":{"x":[0.017,0.017],"y":[0.989,0.989]},"t":55,"s":[0,0]},{"t":70,"s":[10,10]}],"ix":2,"x":"var $bm_rt;\n$bm_rt = loopOut('cycle');"},"p":{"a":0,"k":[0,0],"ix":3},"nm":"Ellipse Path 1","mn":"ADBE Vector Shape - Ellipse","hd":false},{"ty":"fl","c":{"a":0,"k":[0.294117647059,0.537254901961,0.89019613827,1],"ix":4},"o":{"a":0,"k":100,"ix":5},"r":1,"bm":0,"nm":".lottieBusyActivecolor","mn":"ADBE Vector Graphic - Fill","hd":false,"cl":"lottieBusyActivecolor"},{"ty":"tr","p":{"a":0,"k":[0,0],"ix":2},"a":{"a":0,"k":[0,0],"ix":1},"s":{"a":0,"k":[100,100],"ix":3},"r":{"a":0,"k":0,"ix":6},"o":{"a":0,"k":100,"ix":7},"sk":{"a":0,"k":0,"ix":4},"sa":{"a":0,"k":0,"ix":5},"nm":"Transform"}],"nm":".lottieBusyActivecolor","np":2,"cix":2,"bm":0,"ix":1,"mn":"ADBE Vector Group","hd":false,"cl":"lottieBusyActivecolor"}],"ip":55,"op":132,"st":55,"bm":0},{"ddd":0,"ind":36,"ty":4,"nm":"Korn 14","parent":10,"sr":1,"ks":{"o":{"a":0,"k":100,"ix":11,"x":"var $bm_rt;\n$bm_rt = time < $bm_sum(thisLayer.startTime, thisComp.layer('Null 1').effect('Particleloopdur')(1)) ? 100 : 0;"},"r":{"a":0,"k":0,"ix":10},"p":{"s":true,"x":{"a":1,"k":[{"i":{"x":[0.833],"y":[0.833]},"o":{"x":[0.167],"y":[0.167]},"t":52,"s":[0]},{"t":67,"s":[13.8]}],"ix":3,"x":"var $bm_rt;\n$bm_rt = loopOut('cycle');"},"y":{"a":1,"k":[{"i":{"x":[0.962],"y":[0.61]},"o":{"x":[0.344],"y":[0.051]},"t":52,"s":[-0.102]},{"t":67,"s":[223.198]}],"ix":4,"x":"var $bm_rt;\n$bm_rt = loopOut('cycle');"}},"a":{"a":0,"k":[0,0,0],"ix":1},"s":{"a":0,"k":[149,149,100],"ix":6}},"ao":0,"shapes":[{"ty":"gr","it":[{"d":1,"ty":"el","s":{"a":1,"k":[{"i":{"x":[0.109,0.109],"y":[1,1]},"o":{"x":[0.017,0.017],"y":[0.989,0.989]},"t":52,"s":[0,0]},{"t":67,"s":[10,10]}],"ix":2,"x":"var $bm_rt;\n$bm_rt = loopOut('cycle');"},"p":{"a":0,"k":[0,0],"ix":3},"nm":"Ellipse Path 1","mn":"ADBE Vector Shape - Ellipse","hd":false},{"ty":"fl","c":{"a":0,"k":[0.294117647059,0.537254901961,0.89019613827,1],"ix":4},"o":{"a":0,"k":100,"ix":5},"r":1,"bm":0,"nm":".lottieBusyActivecolor","mn":"ADBE Vector Graphic - Fill","hd":false,"cl":"lottieBusyActivecolor"},{"ty":"tr","p":{"a":0,"k":[0,0],"ix":2},"a":{"a":0,"k":[0,0],"ix":1},"s":{"a":0,"k":[100,100],"ix":3},"r":{"a":0,"k":0,"ix":6},"o":{"a":0,"k":100,"ix":7},"sk":{"a":0,"k":0,"ix":4},"sa":{"a":0,"k":0,"ix":5},"nm":"Transform"}],"nm":".lottieBusyActivecolor","np":2,"cix":2,"bm":0,"ix":1,"mn":"ADBE Vector Group","hd":false,"cl":"lottieBusyActivecolor"}],"ip":52,"op":132,"st":52,"bm":0},{"ddd":0,"ind":37,"ty":4,"nm":"Korn 10","parent":10,"sr":1,"ks":{"o":{"a":0,"k":100,"ix":11,"x":"var $bm_rt;\n$bm_rt = time < $bm_sum(thisLayer.startTime, thisComp.layer('Null 1').effect('Particleloopdur')(1)) ? 100 : 0;"},"r":{"a":0,"k":0,"ix":10},"p":{"s":true,"x":{"a":1,"k":[{"i":{"x":[0.833],"y":[0.833]},"o":{"x":[0.167],"y":[0.167]},"t":54,"s":[0]},{"t":69,"s":[13.8]}],"ix":3,"x":"var $bm_rt;\n$bm_rt = loopOut('cycle');"},"y":{"a":1,"k":[{"i":{"x":[0.962],"y":[0.61]},"o":{"x":[0.344],"y":[0.051]},"t":54,"s":[-0.102]},{"t":69,"s":[223.198]}],"ix":4,"x":"var $bm_rt;\n$bm_rt = loopOut('cycle');"}},"a":{"a":0,"k":[0,0,0],"ix":1},"s":{"a":0,"k":[149,149,100],"ix":6}},"ao":0,"shapes":[{"ty":"gr","it":[{"d":1,"ty":"el","s":{"a":1,"k":[{"i":{"x":[0.109,0.109],"y":[1,1]},"o":{"x":[0.017,0.017],"y":[0.989,0.989]},"t":54,"s":[0,0]},{"t":69,"s":[10,10]}],"ix":2,"x":"var $bm_rt;\n$bm_rt = loopOut('cycle');"},"p":{"a":0,"k":[0,0],"ix":3},"nm":"Ellipse Path 1","mn":"ADBE Vector Shape - Ellipse","hd":false},{"ty":"fl","c":{"a":0,"k":[0.294117647059,0.537254901961,0.89019613827,1],"ix":4},"o":{"a":0,"k":100,"ix":5},"r":1,"bm":0,"nm":".lottieBusyActivecolor","mn":"ADBE Vector Graphic - Fill","hd":false,"cl":"lottieBusyActivecolor"},{"ty":"tr","p":{"a":0,"k":[0,0],"ix":2},"a":{"a":0,"k":[0,0],"ix":1},"s":{"a":0,"k":[100,100],"ix":3},"r":{"a":0,"k":0,"ix":6},"o":{"a":0,"k":100,"ix":7},"sk":{"a":0,"k":0,"ix":4},"sa":{"a":0,"k":0,"ix":5},"nm":"Transform"}],"nm":".lottieBusyActivecolor","np":2,"cix":2,"bm":0,"ix":1,"mn":"ADBE Vector Group","hd":false,"cl":"lottieBusyActivecolor"}],"ip":54,"op":132,"st":54,"bm":0},{"ddd":0,"ind":38,"ty":4,"nm":"Korn 24","parent":10,"sr":1,"ks":{"o":{"a":0,"k":100,"ix":11,"x":"var $bm_rt;\n$bm_rt = time < $bm_sum(thisLayer.startTime, thisComp.layer('Null 1').effect('Particleloopdur')(1)) ? 100 : 0;"},"r":{"a":0,"k":0,"ix":10},"p":{"s":true,"x":{"a":1,"k":[{"i":{"x":[0.833],"y":[0.833]},"o":{"x":[0.167],"y":[0.167]},"t":50,"s":[0]},{"t":65,"s":[19.8]}],"ix":3,"x":"var $bm_rt;\n$bm_rt = loopOut('cycle');"},"y":{"a":1,"k":[{"i":{"x":[0.962],"y":[0.61]},"o":{"x":[0.344],"y":[0.051]},"t":50,"s":[-0.102]},{"t":65,"s":[223.198]}],"ix":4,"x":"var $bm_rt;\n$bm_rt = loopOut('cycle');"}},"a":{"a":0,"k":[0,0,0],"ix":1},"s":{"a":0,"k":[149,149,100],"ix":6}},"ao":0,"shapes":[{"ty":"gr","it":[{"d":1,"ty":"el","s":{"a":1,"k":[{"i":{"x":[0.109,0.109],"y":[1,1]},"o":{"x":[0.017,0.017],"y":[0.989,0.989]},"t":50,"s":[0,0]},{"t":65,"s":[10,10]}],"ix":2,"x":"var $bm_rt;\n$bm_rt = loopOut('cycle');"},"p":{"a":0,"k":[0,0],"ix":3},"nm":"Ellipse Path 1","mn":"ADBE Vector Shape - Ellipse","hd":false},{"ty":"fl","c":{"a":0,"k":[0.294117647059,0.537254901961,0.89019613827,1],"ix":4},"o":{"a":0,"k":100,"ix":5},"r":1,"bm":0,"nm":".lottieBusyActivecolor","mn":"ADBE Vector Graphic - Fill","hd":false,"cl":"lottieBusyActivecolor"},{"ty":"tr","p":{"a":0,"k":[0,0],"ix":2},"a":{"a":0,"k":[0,0],"ix":1},"s":{"a":0,"k":[100,100],"ix":3},"r":{"a":0,"k":0,"ix":6},"o":{"a":0,"k":100,"ix":7},"sk":{"a":0,"k":0,"ix":4},"sa":{"a":0,"k":0,"ix":5},"nm":"Transform"}],"nm":".lottieBusyActivecolor","np":2,"cix":2,"bm":0,"ix":1,"mn":"ADBE Vector Group","hd":false,"cl":"lottieBusyActivecolor"}],"ip":50,"op":132,"st":50,"bm":0},{"ddd":0,"ind":39,"ty":4,"nm":"Korn 13","parent":10,"sr":1,"ks":{"o":{"a":0,"k":100,"ix":11,"x":"var $bm_rt;\n$bm_rt = time < $bm_sum(thisLayer.startTime, thisComp.layer('Null 1').effect('Particleloopdur')(1)) ? 100 : 0;"},"r":{"a":0,"k":0,"ix":10},"p":{"s":true,"x":{"a":1,"k":[{"i":{"x":[0.833],"y":[0.833]},"o":{"x":[0.167],"y":[0.167]},"t":56,"s":[0]},{"t":71,"s":[19.8]}],"ix":3,"x":"var $bm_rt;\n$bm_rt = loopOut('cycle');"},"y":{"a":1,"k":[{"i":{"x":[0.962],"y":[0.61]},"o":{"x":[0.344],"y":[0.051]},"t":56,"s":[-0.102]},{"t":71,"s":[223.198]}],"ix":4,"x":"var $bm_rt;\n$bm_rt = loopOut('cycle');"}},"a":{"a":0,"k":[0,0,0],"ix":1},"s":{"a":0,"k":[149,149,100],"ix":6}},"ao":0,"shapes":[{"ty":"gr","it":[{"d":1,"ty":"el","s":{"a":1,"k":[{"i":{"x":[0.109,0.109],"y":[1,1]},"o":{"x":[0.017,0.017],"y":[0.989,0.989]},"t":56,"s":[0,0]},{"t":71,"s":[10,10]}],"ix":2,"x":"var $bm_rt;\n$bm_rt = loopOut('cycle');"},"p":{"a":0,"k":[0,0],"ix":3},"nm":"Ellipse Path 1","mn":"ADBE Vector Shape - Ellipse","hd":false},{"ty":"fl","c":{"a":0,"k":[0.294117647059,0.537254901961,0.89019613827,1],"ix":4},"o":{"a":0,"k":100,"ix":5},"r":1,"bm":0,"nm":".lottieBusyActivecolor","mn":"ADBE Vector Graphic - Fill","hd":false,"cl":"lottieBusyActivecolor"},{"ty":"tr","p":{"a":0,"k":[0,0],"ix":2},"a":{"a":0,"k":[0,0],"ix":1},"s":{"a":0,"k":[100,100],"ix":3},"r":{"a":0,"k":0,"ix":6},"o":{"a":0,"k":100,"ix":7},"sk":{"a":0,"k":0,"ix":4},"sa":{"a":0,"k":0,"ix":5},"nm":"Transform"}],"nm":".lottieBusyActivecolor","np":2,"cix":2,"bm":0,"ix":1,"mn":"ADBE Vector Group","hd":false,"cl":"lottieBusyActivecolor"}],"ip":56,"op":132,"st":56,"bm":0},{"ddd":0,"ind":40,"ty":4,"nm":"Korn 11","parent":10,"sr":1,"ks":{"o":{"a":0,"k":100,"ix":11,"x":"var $bm_rt;\n$bm_rt = time < $bm_sum(thisLayer.startTime, thisComp.layer('Null 1').effect('Particleloopdur')(1)) ? 100 : 0;"},"r":{"a":0,"k":0,"ix":10},"p":{"s":true,"x":{"a":1,"k":[{"i":{"x":[0.833],"y":[0.833]},"o":{"x":[0.167],"y":[0.167]},"t":54,"s":[0]},{"t":69,"s":[19.8]}],"ix":3,"x":"var $bm_rt;\n$bm_rt = loopOut('cycle');"},"y":{"a":1,"k":[{"i":{"x":[0.962],"y":[0.61]},"o":{"x":[0.344],"y":[0.051]},"t":54,"s":[-0.102]},{"t":69,"s":[223.198]}],"ix":4,"x":"var $bm_rt;\n$bm_rt = loopOut('cycle');"}},"a":{"a":0,"k":[0,0,0],"ix":1},"s":{"a":0,"k":[149,149,100],"ix":6}},"ao":0,"shapes":[{"ty":"gr","it":[{"d":1,"ty":"el","s":{"a":1,"k":[{"i":{"x":[0.109,0.109],"y":[1,1]},"o":{"x":[0.017,0.017],"y":[0.989,0.989]},"t":54,"s":[0,0]},{"t":69,"s":[10,10]}],"ix":2,"x":"var $bm_rt;\n$bm_rt = loopOut('cycle');"},"p":{"a":0,"k":[0,0],"ix":3},"nm":"Ellipse Path 1","mn":"ADBE Vector Shape - Ellipse","hd":false},{"ty":"fl","c":{"a":0,"k":[0.294117647059,0.537254901961,0.89019613827,1],"ix":4},"o":{"a":0,"k":100,"ix":5},"r":1,"bm":0,"nm":".lottieBusyActivecolor","mn":"ADBE Vector Graphic - Fill","hd":false,"cl":"lottieBusyActivecolor"},{"ty":"tr","p":{"a":0,"k":[0,0],"ix":2},"a":{"a":0,"k":[0,0],"ix":1},"s":{"a":0,"k":[100,100],"ix":3},"r":{"a":0,"k":0,"ix":6},"o":{"a":0,"k":100,"ix":7},"sk":{"a":0,"k":0,"ix":4},"sa":{"a":0,"k":0,"ix":5},"nm":"Transform"}],"nm":".lottieBusyActivecolor","np":2,"cix":2,"bm":0,"ix":1,"mn":"ADBE Vector Group","hd":false,"cl":"lottieBusyActivecolor"}],"ip":54,"op":132,"st":54,"bm":0},{"ddd":0,"ind":41,"ty":4,"nm":"Korn 23","parent":10,"sr":1,"ks":{"o":{"a":0,"k":100,"ix":11,"x":"var $bm_rt;\n$bm_rt = time < $bm_sum(thisLayer.startTime, thisComp.layer('Null 1').effect('Particleloopdur')(1)) ? 100 : 0;"},"r":{"a":0,"k":0,"ix":10},"p":{"s":true,"x":{"a":1,"k":[{"i":{"x":[0.833],"y":[0.833]},"o":{"x":[0.167],"y":[0.167]},"t":54,"s":[0]},{"t":69,"s":[7.8]}],"ix":3,"x":"var $bm_rt;\n$bm_rt = loopOut('cycle');"},"y":{"a":1,"k":[{"i":{"x":[0.962],"y":[0.61]},"o":{"x":[0.344],"y":[0.051]},"t":54,"s":[-0.102]},{"t":69,"s":[223.198]}],"ix":4,"x":"var $bm_rt;\n$bm_rt = loopOut('cycle');"}},"a":{"a":0,"k":[0,0,0],"ix":1},"s":{"a":0,"k":[149,149,100],"ix":6}},"ao":0,"shapes":[{"ty":"gr","it":[{"d":1,"ty":"el","s":{"a":1,"k":[{"i":{"x":[0.109,0.109],"y":[1,1]},"o":{"x":[0.017,0.017],"y":[0.989,0.989]},"t":54,"s":[0,0]},{"t":69,"s":[10,10]}],"ix":2,"x":"var $bm_rt;\n$bm_rt = loopOut('cycle');"},"p":{"a":0,"k":[0,0],"ix":3},"nm":"Ellipse Path 1","mn":"ADBE Vector Shape - Ellipse","hd":false},{"ty":"fl","c":{"a":0,"k":[0.294117647059,0.537254901961,0.89019613827,1],"ix":4},"o":{"a":0,"k":100,"ix":5},"r":1,"bm":0,"nm":".lottieBusyActivecolor","mn":"ADBE Vector Graphic - Fill","hd":false,"cl":"lottieBusyActivecolor"},{"ty":"tr","p":{"a":0,"k":[0,0],"ix":2},"a":{"a":0,"k":[0,0],"ix":1},"s":{"a":0,"k":[100,100],"ix":3},"r":{"a":0,"k":0,"ix":6},"o":{"a":0,"k":100,"ix":7},"sk":{"a":0,"k":0,"ix":4},"sa":{"a":0,"k":0,"ix":5},"nm":"Transform"}],"nm":".lottieBusyActivecolor","np":2,"cix":2,"bm":0,"ix":1,"mn":"ADBE Vector Group","hd":false,"cl":"lottieBusyActivecolor"}],"ip":54,"op":132,"st":54,"bm":0},{"ddd":0,"ind":42,"ty":4,"nm":"Korn 12","parent":10,"sr":1,"ks":{"o":{"a":0,"k":100,"ix":11,"x":"var $bm_rt;\n$bm_rt = time < $bm_sum(thisLayer.startTime, thisComp.layer('Null 1').effect('Particleloopdur')(1)) ? 100 : 0;"},"r":{"a":0,"k":0,"ix":10},"p":{"s":true,"x":{"a":1,"k":[{"i":{"x":[0.833],"y":[0.833]},"o":{"x":[0.167],"y":[0.167]},"t":61,"s":[0]},{"t":76,"s":[7.8]}],"ix":3,"x":"var $bm_rt;\n$bm_rt = loopOut('cycle');"},"y":{"a":1,"k":[{"i":{"x":[0.962],"y":[0.61]},"o":{"x":[0.344],"y":[0.051]},"t":61,"s":[-0.102]},{"t":76,"s":[223.198]}],"ix":4,"x":"var $bm_rt;\n$bm_rt = loopOut('cycle');"}},"a":{"a":0,"k":[0,0,0],"ix":1},"s":{"a":0,"k":[149,149,100],"ix":6}},"ao":0,"shapes":[{"ty":"gr","it":[{"d":1,"ty":"el","s":{"a":1,"k":[{"i":{"x":[0.109,0.109],"y":[1,1]},"o":{"x":[0.017,0.017],"y":[0.989,0.989]},"t":61,"s":[0,0]},{"t":76,"s":[10,10]}],"ix":2,"x":"var $bm_rt;\n$bm_rt = loopOut('cycle');"},"p":{"a":0,"k":[0,0],"ix":3},"nm":"Ellipse Path 1","mn":"ADBE Vector Shape - Ellipse","hd":false},{"ty":"fl","c":{"a":0,"k":[0.294117647059,0.537254901961,0.89019613827,1],"ix":4},"o":{"a":0,"k":100,"ix":5},"r":1,"bm":0,"nm":".lottieBusyActivecolor","mn":"ADBE Vector Graphic - Fill","hd":false,"cl":"lottieBusyActivecolor"},{"ty":"tr","p":{"a":0,"k":[0,0],"ix":2},"a":{"a":0,"k":[0,0],"ix":1},"s":{"a":0,"k":[100,100],"ix":3},"r":{"a":0,"k":0,"ix":6},"o":{"a":0,"k":100,"ix":7},"sk":{"a":0,"k":0,"ix":4},"sa":{"a":0,"k":0,"ix":5},"nm":"Transform"}],"nm":".lottieBusyActivecolor","np":2,"cix":2,"bm":0,"ix":1,"mn":"ADBE Vector Group","hd":false,"cl":"lottieBusyActivecolor"}],"ip":61,"op":132,"st":61,"bm":0},{"ddd":0,"ind":43,"ty":4,"nm":"Korn","parent":10,"sr":1,"ks":{"o":{"a":0,"k":100,"ix":11,"x":"var $bm_rt;\n$bm_rt = time < $bm_sum(thisLayer.startTime, thisComp.layer('Null 1').effect('Particleloopdur')(1)) ? 100 : 0;"},"r":{"a":0,"k":0,"ix":10},"p":{"s":true,"x":{"a":1,"k":[{"i":{"x":[0.833],"y":[0.833]},"o":{"x":[0.167],"y":[0.167]},"t":62,"s":[0]},{"t":77,"s":[7.8]}],"ix":3,"x":"var $bm_rt;\n$bm_rt = loopOut('cycle');"},"y":{"a":1,"k":[{"i":{"x":[0.962],"y":[0.61]},"o":{"x":[0.344],"y":[0.051]},"t":62,"s":[-0.102]},{"t":77,"s":[223.198]}],"ix":4,"x":"var $bm_rt;\n$bm_rt = loopOut('cycle');"}},"a":{"a":0,"k":[0,0,0],"ix":1},"s":{"a":0,"k":[149,149,100],"ix":6}},"ao":0,"shapes":[{"ty":"gr","it":[{"d":1,"ty":"el","s":{"a":1,"k":[{"i":{"x":[0.109,0.109],"y":[1,1]},"o":{"x":[0.017,0.017],"y":[0.989,0.989]},"t":62,"s":[0,0]},{"t":77,"s":[10,10]}],"ix":2,"x":"var $bm_rt;\n$bm_rt = loopOut('cycle');"},"p":{"a":0,"k":[0,0],"ix":3},"nm":"Ellipse Path 1","mn":"ADBE Vector Shape - Ellipse","hd":false},{"ty":"fl","c":{"a":0,"k":[0.294117647059,0.537254901961,0.89019613827,1],"ix":4},"o":{"a":0,"k":100,"ix":5},"r":1,"bm":0,"nm":".lottieBusyActivecolor","mn":"ADBE Vector Graphic - Fill","hd":false,"cl":"lottieBusyActivecolor"},{"ty":"tr","p":{"a":0,"k":[0,0],"ix":2},"a":{"a":0,"k":[0,0],"ix":1},"s":{"a":0,"k":[100,100],"ix":3},"r":{"a":0,"k":0,"ix":6},"o":{"a":0,"k":100,"ix":7},"sk":{"a":0,"k":0,"ix":4},"sa":{"a":0,"k":0,"ix":5},"nm":"Transform"}],"nm":".lottieBusyActivecolor","np":2,"cix":2,"bm":0,"ix":1,"mn":"ADBE Vector Group","hd":false,"cl":"lottieBusyActivecolor"}],"ip":62,"op":132,"st":62,"bm":0}],"markers":[]}