<?xml version="1.0" encoding="UTF-8"?>
<ExtensionManifest Version="5.0" ExtensionBundleId="com.aescripts.keystone2" ExtensionBundleVersion="2.0.2"
		ExtensionBundleName="Keystone 2" xmlns:xsi="http://www.w3.org/2001/XMLSchema-instance">
	<ExtensionList>
		<Extension Id="com.aescripts.keystone2.panel" Version="2.0.2" />
		<Extension Id="com.aescripts.keystone2.preferences" Version="2.0.2" />
		<Extension Id="com.aescripts.keystone2.about" Version="2.0.2" />
	</ExtensionList>

	<ExecutionEnvironment>

		<HostList>
            <Host Name="AEFT" Version="13.0" />
			<!--<Host Name="PPRO" Version="9.1" /> -->
		</HostList>

		<LocaleList>
			<Locale Code="All" />
		</LocaleList>

		<RequiredRuntimeList>
			<RequiredRuntime Name="CSXS" Version="5.0" />
		</RequiredRuntimeList>

	</ExecutionEnvironment>

	<DispatchInfoList>

		<Extension Id="com.aescripts.keystone2.panel">
			<DispatchInfo >
				<Resources>
					<MainPath>./panel/panel.html</MainPath>
					<ScriptPath>./panel/jsx/main.jsx</ScriptPath>
					<CEFCommandLine>
					  <Parameter>--enable-nodejs</Parameter>
					  <Parameter>--mixed-context</Parameter> <!-- ligne perso -->
					  <Parameter>--allow-file-access-from-files</Parameter>
					  <Parameter>--allow-file-access</Parameter>
					</CEFCommandLine>
				</Resources>
				<Lifecycle>
					<AutoVisible>true</AutoVisible>
				</Lifecycle>
				<UI>
					<Type>Panel</Type>
					<Menu>Keystone 2</Menu>
					<Geometry>
						<Size>
							<Height>300</Height>
							<Width>300</Width>
						</Size>
					</Geometry>
				</UI>
			</DispatchInfo>
		</Extension>

		<Extension Id="com.aescripts.keystone2.preferences">
			<DispatchInfo >
				<Resources>
					<MainPath>./preferences/preferences.html</MainPath>
					<CEFCommandLine>
					  <Parameter>--enable-nodejs</Parameter>
						<Parameter>--allow-file-access-from-files</Parameter>
					  <Parameter>--allow-file-access</Parameter>
					</CEFCommandLine>
				</Resources>
				<Lifecycle>
					<AutoVisible>true</AutoVisible>
				</Lifecycle>
				<UI>
					<!-- Options panel is ALWAYS a dialog -->
					<Type>ModalDialog</Type>
					<Geometry>
						<Size>
							<Height>850</Height>
							<Width>1100</Width>
						</Size>
						<MaxSize>
							<Height>1500</Height>
							<Width>1900</Width>
						</MaxSize>
						<MinSize>
							<Height>850</Height>
							<Width>1100</Width>
						</MinSize>
					</Geometry>
				</UI>
			</DispatchInfo>
		</Extension>

		<!-- DO NOT CHANGE BELOW THIS LINE -->
		<Extension Id="com.aescripts.keystone2.about">
			<DispatchInfo >
				<Resources>
					<MainPath>./dialog/dialog.html</MainPath>
					<CEFCommandLine>
					  <Parameter>--enable-nodejs</Parameter>
						<Parameter>--allow-file-access-from-files</Parameter>
					  <Parameter>--allow-file-access</Parameter>
					</CEFCommandLine>
				</Resources>
				<Lifecycle>
					<AutoVisible>true</AutoVisible>
				</Lifecycle>
				<UI>
					<Type>Modeless</Type>
					<Geometry>
						<Size>
							<Height>440</Height>
							<Width>350</Width>
						</Size>
						<MaxSize>
							<Height>500</Height>
							<Width>350</Width>
						</MaxSize>
						<MinSize>
							<Height>100</Height>
							<Width>350</Width>
						</MinSize>
					</Geometry>
				</UI>
			</DispatchInfo>
		</Extension>
	</DispatchInfoList>
</ExtensionManifest>
