<?xml version="1.0" encoding="UTF-8"?>
<ExtensionManifest Version="5.0" ExtensionBundleId="com.aescripts.penpal2" ExtensionBundleVersion="2.0.0"
		ExtensionBundleName="Penpal 2" xmlns:xsi="http://www.w3.org/2001/XMLSchema-instance">
	<ExtensionList>
		<Extension Id="com.aescripts.penpal2.panel" Version="2.0.0" />
		<Extension Id="com.aescripts.penpal2.preferences" Version="2.0.0" />
		<Extension Id="com.aescripts.penpal2.about" Version="2.0.0" />
	</ExtensionList>

	<ExecutionEnvironment>

		<HostList>
            <Host Name="AEFT" Version="15.0" />
		</HostList>

		<LocaleList>
			<Locale Code="All" />
		</LocaleList>

		<RequiredRuntimeList>
			<RequiredRuntime Name="CSXS" Version="5.0" />
		</RequiredRuntimeList>

	</ExecutionEnvironment>

	<DispatchInfoList>

		<Extension Id="com.aescripts.penpal2.panel">
			<DispatchInfo >
				<Resources>
					<MainPath>./panel/panel.html</MainPath>
					<ScriptPath>./panel/jsx/main.jsx</ScriptPath>
					<CEFCommandLine>
					  <Parameter>--enable-nodejs</Parameter>
					  <Parameter>--allow-file-access-from-files</Parameter>
					  <Parameter>--allow-file-access</Parameter>
					</CEFCommandLine>
				</Resources>
				<Lifecycle>
					<AutoVisible>true</AutoVisible>
				</Lifecycle>
				<UI>
					<Type>Panel</Type>
					<Menu>Penpal 2</Menu>
					<Geometry>
						<Size>
							<Height>300</Height>
							<Width>300</Width>
						</Size>
					</Geometry>
					<Icons>
						<Icon Type="Normal">./img/iconDark.png</Icon>
						<Icon Type="RollOver">./img/iconHover.png</Icon>
						<Icon Type="DarkNormal">./img/iconLight.png</Icon>
						<Icon Type="DarkRollOver">./img/iconHover.png</Icon>
					</Icons>
				</UI>
			</DispatchInfo>
		</Extension>

		<Extension Id="com.aescripts.penpal2.preferences">
			<DispatchInfo >
				<Resources>
					<MainPath>./preferences/preferences.html</MainPath>
					<CEFCommandLine>
					  <Parameter>--enable-nodejs</Parameter>
						<Parameter>--allow-file-access-from-files</Parameter>
					  <Parameter>--allow-file-access</Parameter>
					</CEFCommandLine>
				</Resources>
				<Lifecycle>
					<AutoVisible>true</AutoVisible>
				</Lifecycle>
				<UI>
					<!-- Options panel is ALWAYS a dialog -->
					<Type>ModalDialog</Type>
					<Geometry>
						<Size>
							<Height>580</Height>
							<Width>240</Width>
						</Size>
						<!-- <MaxSize>
							<Height>500</Height>
							<Width>350</Width>
						</MaxSize>
						<MinSize>
							<Height>100</Height>
							<Width>350</Width>
						</MinSize> -->
					</Geometry>
				</UI>
			</DispatchInfo>
		</Extension>

		<!-- DO NOT CHANGE BELOW THIS LINE -->
		<Extension Id="com.aescripts.penpal2.about">
			<DispatchInfo >
				<Resources>
					<MainPath>./dialog/dialog.html</MainPath>
					<CEFCommandLine>
					  <Parameter>--enable-nodejs</Parameter>
						<Parameter>--allow-file-access-from-files</Parameter>
					  <Parameter>--allow-file-access</Parameter>
					</CEFCommandLine>
				</Resources>
				<Lifecycle>
					<AutoVisible>true</AutoVisible>
				</Lifecycle>
				<UI>
					<Type>Modeless</Type>
					<Geometry>
						<Size>
							<Height>440</Height>
							<Width>350</Width>
						</Size>
						<MaxSize>
							<Height>500</Height>
							<Width>350</Width>
						</MaxSize>
						<MinSize>
							<Height>100</Height>
							<Width>350</Width>
						</MinSize>
					</Geometry>
				</UI>
			</DispatchInfo>
		</Extension>
	</DispatchInfoList>
</ExtensionManifest>
