{
    "GL3requiredVersion": "0.8.3",
    "GL3jsonType": "styleInterface",
    "requiredStyleSourceVars": [
        "maptilerSatelliteV2Tiles512"
    ],
    "labelInterfaceHint": 2,
    "samplingDraft": false,
    "baseColors": [],
    "lineWidthMult": 1,
    "indexedColors": [],
    "indexedLineWidths": [],
    "indexedRasterInterfaces": [],
    "indexedStyleJsonStr": "{\"version\":8,\"name\":\"GEOlayers 3 Interface Style\",\"sources\":{\"rastersource1\":{\"type\":\"raster\",\"tiles\":[\"{maptilerSatelliteV2Tiles512}\"],\"maxzoom\":\"{maxzoom}\",\"tileSize\":\"{tileSize}\"}},\"layers\":[{\"id\":\"raster1\",\"type\":\"raster\",\"source\":\"rastersource1\",\"minzoom\":0,\"maxzoom\":21,\"raster-fade-duration\":0,\"raster-resampling\":\"nearest\"}],\"id\":\"omtsatellite256\"}",
    "name": "Satellite",
    "id": "maptilersatV2",
    "type": "raster",
    "fileFormat": "png",
    "providerAttribution": "© MapTiler © OpenStreetMap contributors",
    "editProviderAttribution": false,
    "indexedVars": [
        {
            "type": "eval",
            "evalStr": "19",
            "indexedId": "maxzoom"
        },
        {
            "type": "eval",
            "evalStr": "512/{devicePixelRatio}",
            "indexedId": "tileSize"
        }
    ],
    "maxZoom": 19
}