{"GL3requiredVersion":"1.3.0","GL3jsonType":"styleInterface","requiredStyleSourceVars":["omtVectorV3LiteTileJson"],"attributionInfoText1":"liteText1","attributionInfoText2":"liteText2","labelInterfaceHint":1,"baseColorPresets":[["#e3e1db","#847c66","#779760","#81adc0","#ffffff"],["#afafaf","#939393","#acacac","#c6c6c6","#e0e0e0"],["#000000","#2c2c2c","#3c3c3c","#232323","#444444"],["#6a6963","#4a5f5d","#0f4a44","#68a0c6","#cca886"],["#8b665a","#544b4e","#7d4b37","#97b3d8","#c08879"],["#8a8a87","#8c6859","#626b34","#ebd9c0","#940e1e"],["#927652","#553d2a","#253a61","#3d5c70","#c9bd9a"],["#7f8489","#f4f4f4","#d9491d","#525f7f","#3d3d3b"],["#eb6896","#c36894","#836890","#46698d","#0f6a8b"],["#8c6573","#a6818f","#bf99a7","#d9b4c1","#f2cedf"],["#43386d","#7b4769","#48223d","#efceec","#dc648b"],["#ffaba6","#ddedc2","#ffd4b5","#a9c6cf","#ff8c94"],["#1d1c53","#89346d","#c76058","#ffb248","#ffd700"],["#cef19e","#a7dda7","#78be97","#398689","#0b476d"],["#a1a7a9","#4b4c4b","#162d45","#89c2bb","#e6b510"],["#dcd1c0","#db9a18","#105242","#003847","#c4bfb1"],["#a1c181","#fe7f2d","#fcca46","#579c87","#456478"],["#7f8c1c","#a2cdf3","#027373","#0367a6","#48b1f3"],["#402f11","#f3e8c9","#96d2d9","#1f4b73","#387ca6"],["#a6634a","#d99873","#5a86c0","#203b8c","#26488c"],["#a67d4a","#70731f","#a64a29","#c2d2f3","#5176a6"],["#f3f3f3","#5368a6","#9aaad9","#1a51c0","#3f6ac0"],["#c0712c","#a3cad9","#60a4c0","#0367a6","#024773"],["#f3cb04","#f35c04","#3bb2c0","#173573","#2c96c0"],["#f3f3f3","#f39f04","#f3507b","#0487d9","#0396a6"],["#f3eea7","#f3786d","#f33535","#2f728c","#151b26"],["#f3a71a","#f3911a","#f36835","#883cf3","#9c5ef3"],["#f3f1eb","#f3913c","#d973a3","#0521c0","#61208c"],["#b86cd9","#f31da8","#aac003","#024773","#04f3c7"],["#dadad4","#adb0b4","#4b5f5a","#adbdd9","#475574"],["#655139","#6c5947","#513e2b","#f2cbbd","#c19292"],["#bf99a0","#b97472","#f29d7e","#5b6483","#cbcad7"],["#e0990b","#d47d0b","#d16615","#691505","#822b07"],["#d9cc89","#d96522","#9ac075","#638c7d","#8c3c1e"],["#a6360d","#401801","#d97904","#17a68c","#732306"],["#f3e0c9","#015959","#a0a603","#03adc0","#03c0c0"]],"baseColors":[{"name":"land","color":{"r":227,"g":225,"b":219,"a":1}},{"name":"mixin","color":{"r":132,"g":124,"b":102,"a":1}},{"name":"parks and wood","color":{"r":119,"g":151,"b":96,"a":1}},{"name":"water","color":{"r":129,"g":173,"b":192,"a":1}},{"name":"roads","color":{"r":255,"g":255,"b":255,"a":1}}],"lineWidthMult":1,"indexedColors":[{"colorId":"{{indexedColor_0}}","originalColor":{"r":232,"g":229,"b":216,"a":1},"layerId":"background","colorType":"background-color","stopNr":-1,"preserveRGB":false,"preserveAlpha":true,"mapping":{"sourceIndex1":0,"sourceIndex2":0,"mix":0,"luma":0,"alpha":1}},{"colorId":"{{indexedColor_1}}","originalColor":{"r":224,"g":222,"b":215,"a":1},"layerId":"landuse-residential","colorType":"fill-color","stopNr":-1,"preserveRGB":false,"preserveAlpha":true,"mapping":{"sourceIndex1":0,"sourceIndex2":1,"mix":0.35,"luma":0,"alpha":1}},{"colorId":"{{indexedColor_2}}","originalColor":{"r":192,"g":216,"b":151,"a":1},"layerId":"landcover_grass","colorType":"fill-color","stopNr":-1,"preserveRGB":false,"preserveAlpha":true,"mapping":{"sourceIndex1":2,"sourceIndex2":0,"mix":0.4,"luma":0,"alpha":1}},{"colorId":"{{indexedColor_3}}","originalColor":{"r":192,"g":216,"b":151,"a":0.53},"layerId":"park","colorType":"fill-color","stopNr":-1,"preserveRGB":false,"preserveAlpha":true,"mapping":{"sourceIndex1":2,"sourceIndex2":1,"mix":0.25,"luma":0,"alpha":1}},{"colorId":"{{indexedColor_4}}","originalColor":{"r":192,"g":216,"b":151,"a":1},"layerId":"landcover_wood","colorType":"fill-color","stopNr":-1,"preserveRGB":false,"preserveAlpha":false,"mapping":{"sourceIndex1":2,"sourceIndex2":0,"mix":0,"luma":0,"alpha":1}},{"colorId":"{{indexedColor_5}}","originalColor":{"r":148,"g":193,"b":225,"a":1},"layerId":"water","colorType":"fill-color","stopNr":-1,"preserveRGB":false,"preserveAlpha":true,"mapping":{"sourceIndex1":3,"sourceIndex2":0,"mix":0,"luma":0,"alpha":1}},{"colorId":"{{indexedColor_6}}","originalColor":{"r":232,"g":229,"b":216,"a":1},"layerId":"landcover-ice-shelf","colorType":"fill-color","stopNr":-1,"preserveRGB":false,"preserveAlpha":true,"mapping":{"sourceIndex1":3,"sourceIndex2":0,"mix":0.75,"luma":0,"alpha":1}},{"colorId":"{{indexedColor_7}}","originalColor":{"r":243,"g":242,"b":236,"a":1},"layerId":"landcover-glacier","colorType":"fill-color","stopNr":-1,"preserveRGB":false,"preserveAlpha":true,"mapping":{"sourceIndex1":3,"sourceIndex2":0,"mix":0.75,"luma":0,"alpha":1}},{"colorId":"{{indexedColor_8}}","originalColor":{"r":232,"g":214,"b":38,"a":1},"layerId":"landcover_sand","colorType":"fill-color","stopNr":-1,"preserveRGB":false,"preserveAlpha":true,"mapping":{"sourceIndex1":1,"sourceIndex2":0,"mix":0.3,"luma":0.15,"alpha":1}},{"colorId":"{{indexedColor_9}}","originalColor":{"r":234,"g":224,"b":208,"a":1},"layerId":"landuse","colorType":"fill-color","stopNr":-1,"preserveRGB":false,"preserveAlpha":true,"mapping":{"sourceIndex1":1,"sourceIndex2":0,"mix":0.5,"luma":0,"alpha":1}},{"colorId":"{{indexedColor_10}}","originalColor":{"r":225,"g":235,"b":176,"a":1},"layerId":"landuse_overlay_national_park","colorType":"fill-color","stopNr":-1,"preserveRGB":false,"preserveAlpha":true,"mapping":{"sourceIndex1":2,"sourceIndex2":0,"mix":0.25,"luma":0,"alpha":1}},{"colorId":"{{indexedColor_11}}","originalColor":{"r":159,"g":183,"b":118,"a":0.69},"layerId":"park_outline","colorType":"line-color","stopNr":-1,"preserveRGB":false,"preserveAlpha":false,"mapping":{"sourceIndex1":2,"sourceIndex2":0,"mix":0.25,"luma":0,"alpha":0}},{"colorId":"{{indexedColor_12}}","originalColor":{"r":148,"g":193,"b":225,"a":1},"layerId":"waterway-tunnel","colorType":"line-color","stopNr":-1,"preserveRGB":false,"preserveAlpha":true,"mapping":{"sourceIndex1":3,"sourceIndex2":0,"mix":0,"luma":0,"alpha":1}},{"colorId":"{{indexedColor_13}}","originalColor":{"r":148,"g":193,"b":225,"a":1},"layerId":"waterway","colorType":"line-color","stopNr":-1,"preserveRGB":false,"preserveAlpha":true,"mapping":{"sourceIndex1":3,"sourceIndex2":0,"mix":0,"luma":0,"alpha":1}},{"colorId":"{{indexedColor_14}}","originalColor":{"r":179,"g":170,"b":158,"a":1},"layerId":"tunnel_railway_transit","colorType":"line-color","stopNr":-1,"preserveRGB":false,"preserveAlpha":true,"mapping":{"sourceIndex1":1,"sourceIndex2":0,"mix":0.25,"luma":0,"alpha":1}},{"colorId":"{{indexedColor_15}}","originalColor":{"r":222,"g":211,"b":190,"a":1},"layerId":"building","colorType":"fill-color","stopNr":-1,"preserveRGB":false,"preserveAlpha":true,"mapping":{"sourceIndex1":1,"sourceIndex2":0,"mix":0.5,"luma":0,"alpha":1}},{"colorId":"{{indexedColor_16}}","originalColor":{"r":212,"g":177,"b":146,"a":1},"layerId":"building","colorType":"fill-outline-color","stopNr":0,"preserveRGB":false,"preserveAlpha":true,"mapping":{"sourceIndex1":1,"sourceIndex2":0,"mix":0,"luma":0,"alpha":1}},{"colorId":"{{indexedColor_17}}","originalColor":{"r":212,"g":177,"b":146,"a":0.5},"layerId":"building","colorType":"fill-outline-color","stopNr":1,"preserveRGB":false,"preserveAlpha":true,"mapping":{"sourceIndex1":1,"sourceIndex2":0,"mix":0,"luma":0,"alpha":1}},{"colorId":"{{indexedColor_19}}","originalColor":{"r":232,"g":229,"b":216,"a":1},"layerId":"road_bridge_area","colorType":"fill-color","stopNr":-1,"preserveRGB":false,"preserveAlpha":true,"mapping":{"sourceIndex1":0,"sourceIndex2":0,"mix":0,"luma":0.2,"alpha":1}},{"colorId":"{{indexedColor_20}}","originalColor":{"r":247,"g":247,"b":247,"a":1},"layerId":"road_path","colorType":"line-color","stopNr":-1,"preserveRGB":false,"preserveAlpha":true,"mapping":{"sourceIndex1":4,"sourceIndex2":0,"mix":0.4,"luma":0,"alpha":1}},{"colorId":"{{indexedColor_21}}","originalColor":{"r":247,"g":247,"b":247,"a":1},"layerId":"road_minor","colorType":"line-color","stopNr":-1,"preserveRGB":false,"preserveAlpha":true,"mapping":{"sourceIndex1":4,"sourceIndex2":0,"mix":0.3,"luma":0,"alpha":1}},{"colorId":"{{indexedColor_22}}","originalColor":{"r":239,"g":239,"b":239,"a":1},"layerId":"tunnel_minor","colorType":"line-color","stopNr":-1,"preserveRGB":false,"preserveAlpha":true,"mapping":{"sourceIndex1":4,"sourceIndex2":0,"mix":0.2,"luma":0,"alpha":1}},{"colorId":"{{indexedColor_23}}","originalColor":{"r":255,"g":255,"b":255,"a":1},"layerId":"tunnel_major","colorType":"line-color","stopNr":-1,"preserveRGB":false,"preserveAlpha":true,"mapping":{"sourceIndex1":4,"sourceIndex2":0,"mix":0,"luma":0,"alpha":1}},{"colorId":"{{indexedColor_24}}","originalColor":{"r":255,"g":255,"b":255,"a":1},"layerId":"aeroway-area","colorType":"fill-color","stopNr":-1,"preserveRGB":false,"preserveAlpha":true,"mapping":{"sourceIndex1":1,"sourceIndex2":0,"mix":0.8,"luma":0,"alpha":1}},{"colorId":"{{indexedColor_25}}","originalColor":{"r":255,"g":255,"b":255,"a":1},"layerId":"aeroway-taxiway","colorType":"line-color","stopNr":-1,"preserveRGB":false,"preserveAlpha":true,"mapping":{"sourceIndex1":4,"sourceIndex2":1,"mix":0.5,"luma":0,"alpha":1}},{"colorId":"{{indexedColor_26}}","originalColor":{"r":255,"g":255,"b":255,"a":1},"layerId":"aeroway-runway","colorType":"line-color","stopNr":-1,"preserveRGB":false,"preserveAlpha":true,"mapping":{"sourceIndex1":4,"sourceIndex2":1,"mix":0.5,"luma":0,"alpha":1}},{"colorId":"{{indexedColor_27}}","originalColor":{"r":255,"g":255,"b":255,"a":1},"layerId":"road_trunk_primary","colorType":"line-color","stopNr":-1,"preserveRGB":false,"preserveAlpha":true,"mapping":{"sourceIndex1":4,"sourceIndex2":0,"mix":0,"luma":0,"alpha":1}},{"colorId":"{{indexedColor_28}}","originalColor":{"r":255,"g":255,"b":255,"a":1},"layerId":"road_secondary_tertiary","colorType":"line-color","stopNr":-1,"preserveRGB":false,"preserveAlpha":true,"mapping":{"sourceIndex1":4,"sourceIndex2":0,"mix":0.2,"luma":0,"alpha":1}},{"colorId":"{{indexedColor_29}}","originalColor":{"r":255,"g":255,"b":255,"a":1},"layerId":"road_major_motorway","colorType":"line-color","stopNr":-1,"preserveRGB":false,"preserveAlpha":true,"mapping":{"sourceIndex1":4,"sourceIndex2":0,"mix":0,"luma":0,"alpha":1}},{"colorId":"{{indexedColor_30}}","originalColor":{"r":179,"g":170,"b":158,"a":1},"layerId":"railway-transit","colorType":"line-color","stopNr":-1,"preserveRGB":false,"preserveAlpha":true,"mapping":{"sourceIndex1":1,"sourceIndex2":4,"mix":0.3,"luma":0,"alpha":1}},{"colorId":"{{indexedColor_31}}","originalColor":{"r":179,"g":170,"b":158,"a":1},"layerId":"railway","colorType":"line-color","stopNr":-1,"preserveRGB":false,"preserveAlpha":true,"mapping":{"sourceIndex1":1,"sourceIndex2":4,"mix":0.3,"luma":0,"alpha":1}},{"colorId":"{{indexedColor_32}}","originalColor":{"r":187,"g":187,"b":187,"a":1},"layerId":"waterway-bridge-case","colorType":"line-color","stopNr":-1,"preserveRGB":false,"preserveAlpha":true,"mapping":{"sourceIndex1":0,"sourceIndex2":0,"mix":0,"luma":0.15,"alpha":1}},{"colorId":"{{indexedColor_33}}","originalColor":{"r":148,"g":193,"b":225,"a":1},"layerId":"waterway-bridge","colorType":"line-color","stopNr":-1,"preserveRGB":false,"preserveAlpha":true,"mapping":{"sourceIndex1":3,"sourceIndex2":0,"mix":0,"luma":0,"alpha":1}},{"colorId":"{{indexedColor_34}}","originalColor":{"r":222,"g":222,"b":222,"a":1},"layerId":"bridge_minor case","colorType":"line-color","stopNr":-1,"preserveRGB":false,"preserveAlpha":true,"mapping":{"sourceIndex1":0,"sourceIndex2":0,"mix":0,"luma":0.15,"alpha":1}},{"colorId":"{{indexedColor_35}}","originalColor":{"r":222,"g":222,"b":222,"a":1},"layerId":"bridge_major case","colorType":"line-color","stopNr":-1,"preserveRGB":false,"preserveAlpha":true,"mapping":{"sourceIndex1":0,"sourceIndex2":0,"mix":0,"luma":0.15,"alpha":1}},{"colorId":"{{indexedColor_36}}","originalColor":{"r":239,"g":239,"b":239,"a":1},"layerId":"bridge_minor","colorType":"line-color","stopNr":-1,"preserveRGB":false,"preserveAlpha":true,"mapping":{"sourceIndex1":4,"sourceIndex2":0,"mix":0,"luma":0,"alpha":1}},{"colorId":"{{indexedColor_37}}","originalColor":{"r":255,"g":255,"b":255,"a":1},"layerId":"bridge_major","colorType":"line-color","stopNr":-1,"preserveRGB":false,"preserveAlpha":true,"mapping":{"sourceIndex1":4,"sourceIndex2":0,"mix":0,"luma":0,"alpha":1}},{"colorId":"{{indexedColor_38}}","originalColor":{"r":153,"g":153,"b":153,"a":0.5},"layerId":"admin_sub","colorType":"line-color","stopNr":-1,"preserveRGB":false,"preserveAlpha":false,"mapping":{"sourceIndex1":0,"sourceIndex2":1,"mix":1,"luma":0,"alpha":0.5}},{"colorId":"{{indexedColor_39}}","originalColor":{"r":153,"g":153,"b":153,"a":1},"layerId":"admin_country","colorType":"line-color","stopNr":-1,"preserveRGB":false,"preserveAlpha":false,"mapping":{"sourceIndex1":0,"sourceIndex2":1,"mix":1,"luma":0,"alpha":0.65}},{"colorId":"{{indexedColor_40}}","originalColor":{"r":153,"g":153,"b":153,"a":1},"layerId":"hillshade","colorType":"light","stopNr":-1,"preserveRGB":false,"preserveAlpha":false,"mapping":{"sourceIndex1":0,"sourceIndex2":1,"mix":0,"luma":-0.75,"alpha":1}},{"colorId":"{{indexedColor_41}}","originalColor":{"r":153,"g":153,"b":153,"a":1},"layerId":"hillshade","colorType":"shade","stopNr":-1,"preserveRGB":false,"preserveAlpha":false,"mapping":{"sourceIndex1":0,"sourceIndex2":1,"mix":0,"luma":1,"alpha":1}},{"colorId":"{{indexedColor_42}}","originalColor":{"r":153,"g":153,"b":153,"a":1},"layerId":"hillshade","colorType":"accent","stopNr":-1,"preserveRGB":false,"preserveAlpha":false,"mapping":{"sourceIndex1":0,"sourceIndex2":1,"mix":0,"luma":-1,"alpha":1}}],"indexedLineWidths":[{"lineWidthId":"{{indexedLineWidth_0}}","originalLineWidth":1,"layerId":"park_outline","lineWidthType":"line-width","stopNr":-1,"mapping":{"mult":0.1}},{"lineWidthId":"{{indexedLineWidth_1}}","originalLineWidth":1,"layerId":"waterway-tunnel","lineWidthType":"line-width","stopNr":0,"mapping":{"mult":1}},{"lineWidthId":"{{indexedLineWidth_2}}","originalLineWidth":2,"layerId":"waterway-tunnel","lineWidthType":"line-width","stopNr":1,"mapping":{"mult":1}},{"lineWidthId":"{{indexedLineWidth_3}}","originalLineWidth":1,"layerId":"waterway","lineWidthType":"line-width","stopNr":0,"mapping":{"mult":1}},{"lineWidthId":"{{indexedLineWidth_4}}","originalLineWidth":8,"layerId":"waterway","lineWidthType":"line-width","stopNr":1,"mapping":{"mult":1}},{"lineWidthId":"{{indexedLineWidth_5}}","originalLineWidth":1,"layerId":"tunnel_railway_transit","lineWidthType":"line-width","stopNr":-1,"mapping":{"mult":1}},{"lineWidthId":"{{indexedLineWidth_6}}","originalLineWidth":0.25,"layerId":"road_path","lineWidthType":"line-width","stopNr":0,"mapping":{"mult":1}},{"lineWidthId":"{{indexedLineWidth_7}}","originalLineWidth":10,"layerId":"road_path","lineWidthType":"line-width","stopNr":1,"mapping":{"mult":1}},{"lineWidthId":"{{indexedLineWidth_8}}","originalLineWidth":0.25,"layerId":"road_minor","lineWidthType":"line-width","stopNr":0,"mapping":{"mult":1}},{"lineWidthId":"{{indexedLineWidth_9}}","originalLineWidth":30,"layerId":"road_minor","lineWidthType":"line-width","stopNr":1,"mapping":{"mult":1}},{"lineWidthId":"{{indexedLineWidth_10}}","originalLineWidth":0.25,"layerId":"tunnel_minor","lineWidthType":"line-width","stopNr":0,"mapping":{"mult":1}},{"lineWidthId":"{{indexedLineWidth_11}}","originalLineWidth":30,"layerId":"tunnel_minor","lineWidthType":"line-width","stopNr":1,"mapping":{"mult":1}},{"lineWidthId":"{{indexedLineWidth_12}}","originalLineWidth":0.5,"layerId":"tunnel_major","lineWidthType":"line-width","stopNr":0,"mapping":{"mult":1}},{"lineWidthId":"{{indexedLineWidth_13}}","originalLineWidth":30,"layerId":"tunnel_major","lineWidthType":"line-width","stopNr":1,"mapping":{"mult":1}},{"lineWidthId":"{{indexedLineWidth_14}}","originalLineWidth":1,"layerId":"aeroway-taxiway","lineWidthType":"line-width","stopNr":0,"mapping":{"mult":1}},{"lineWidthId":"{{indexedLineWidth_15}}","originalLineWidth":10,"layerId":"aeroway-taxiway","lineWidthType":"line-width","stopNr":1,"mapping":{"mult":1}},{"lineWidthId":"{{indexedLineWidth_16}}","originalLineWidth":4,"layerId":"aeroway-runway","lineWidthType":"line-width","stopNr":0,"mapping":{"mult":1}},{"lineWidthId":"{{indexedLineWidth_17}}","originalLineWidth":50,"layerId":"aeroway-runway","lineWidthType":"line-width","stopNr":1,"mapping":{"mult":1}},{"lineWidthId":"{{indexedLineWidth_18}}","originalLineWidth":0.5,"layerId":"road_trunk_primary","lineWidthType":"line-width","stopNr":0,"mapping":{"mult":1}},{"lineWidthId":"{{indexedLineWidth_19}}","originalLineWidth":30,"layerId":"road_trunk_primary","lineWidthType":"line-width","stopNr":1,"mapping":{"mult":1}},{"lineWidthId":"{{indexedLineWidth_20}}","originalLineWidth":0.5,"layerId":"road_secondary_tertiary","lineWidthType":"line-width","stopNr":0,"mapping":{"mult":1}},{"lineWidthId":"{{indexedLineWidth_21}}","originalLineWidth":20,"layerId":"road_secondary_tertiary","lineWidthType":"line-width","stopNr":1,"mapping":{"mult":1}},{"lineWidthId":"{{indexedLineWidth_22}}","originalLineWidth":1,"layerId":"road_major_motorway","lineWidthType":"line-width","stopNr":0,"mapping":{"mult":1}},{"lineWidthId":"{{indexedLineWidth_23}}","originalLineWidth":10,"layerId":"road_major_motorway","lineWidthType":"line-width","stopNr":1,"mapping":{"mult":1}},{"lineWidthId":"{{indexedLineWidth_24}}","originalLineWidth":1,"layerId":"railway-transit","lineWidthType":"line-width","stopNr":-1,"mapping":{"mult":1}},{"lineWidthId":"{{indexedLineWidth_25}}","originalLineWidth":1,"layerId":"railway","lineWidthType":"line-width","stopNr":-1,"mapping":{"mult":1}},{"lineWidthId":"{{indexedLineWidth_26}}","originalLineWidth":0.5,"layerId":"waterway-bridge-case","lineWidthType":"line-width","stopNr":0,"mapping":{"mult":1}},{"lineWidthId":"{{indexedLineWidth_27}}","originalLineWidth":10,"layerId":"waterway-bridge-case","lineWidthType":"line-width","stopNr":1,"mapping":{"mult":1}},{"lineWidthId":"{{indexedLineWidth_28}}","originalLineWidth":0.25,"layerId":"waterway-bridge","lineWidthType":"line-width","stopNr":0,"mapping":{"mult":1}},{"lineWidthId":"{{indexedLineWidth_29}}","originalLineWidth":30,"layerId":"waterway-bridge","lineWidthType":"line-width","stopNr":1,"mapping":{"mult":1}},{"lineWidthId":"{{indexedLineWidth_30}}","originalLineWidth":0.5,"layerId":"bridge_minor case","lineWidthType":"line-width","stopNr":0,"mapping":{"mult":1}},{"lineWidthId":"{{indexedLineWidth_31}}","originalLineWidth":10,"layerId":"bridge_minor case","lineWidthType":"line-width","stopNr":1,"mapping":{"mult":1}},{"lineWidthId":"{{indexedLineWidth_32}}","originalLineWidth":0.5,"layerId":"bridge_major case","lineWidthType":"line-width","stopNr":0,"mapping":{"mult":1}},{"lineWidthId":"{{indexedLineWidth_33}}","originalLineWidth":10,"layerId":"bridge_major case","lineWidthType":"line-width","stopNr":1,"mapping":{"mult":1}},{"lineWidthId":"{{indexedLineWidth_34}}","originalLineWidth":0.25,"layerId":"bridge_minor","lineWidthType":"line-width","stopNr":0,"mapping":{"mult":1}},{"lineWidthId":"{{indexedLineWidth_35}}","originalLineWidth":30,"layerId":"bridge_minor","lineWidthType":"line-width","stopNr":1,"mapping":{"mult":1}},{"lineWidthId":"{{indexedLineWidth_36}}","originalLineWidth":0.5,"layerId":"bridge_major","lineWidthType":"line-width","stopNr":0,"mapping":{"mult":1}},{"lineWidthId":"{{indexedLineWidth_37}}","originalLineWidth":30,"layerId":"bridge_major","lineWidthType":"line-width","stopNr":1,"mapping":{"mult":1}},{"lineWidthId":"{{indexedLineWidth_38}}","originalLineWidth":1,"layerId":"admin_sub","lineWidthType":"line-width","stopNr":-1,"mapping":{"mult":1}},{"lineWidthId":"{{indexedLineWidth_39}}","originalLineWidth":0.5,"layerId":"admin_country","lineWidthType":"line-width","stopNr":0,"mapping":{"mult":1}},{"lineWidthId":"{{indexedLineWidth_40}}","originalLineWidth":15,"layerId":"admin_country_maritime","lineWidthType":"line-width","stopNr":1,"mapping":{"mult":1}},{"lineWidthId":"{{indexedLineWidth_41}}","originalLineWidth":1,"layerId":"admin_sub","lineWidthType":"line-width_maritime","stopNr":-1,"mapping":{"mult":1}},{"lineWidthId":"{{indexedLineWidth_42}}","originalLineWidth":0.5,"layerId":"admin_country","lineWidthType":"line-width","stopNr":0,"mapping":{"mult":1}},{"lineWidthId":"{{indexedLineWidth_43}}","originalLineWidth":15,"layerId":"admin_country_maritime","lineWidthType":"line-width","stopNr":1,"mapping":{"mult":1}}],"indexedRasterInterfaces":[],"indexedStyleJsonStr":"{\"version\":8,\"name\":\"GEOlayers 3 Interface Style\",\"sources\":{\"openmaptilesLite\":{\"type\":\"vector\",\"url\":\"{omtVectorV3LiteTileJson}\"}},\"layers\":[{\"id\":\"background\",\"type\":\"background\",\"layout\":{\"visibility\":\"{visibility0}\"},\"paint\":{\"background-color\":\"{{indexedColor_0}}\"}},{\"id\":\"landuse-residential\",\"type\":\"fill\",\"source\":\"openmaptilesLite\",\"source-layer\":\"landuse\",\"filter\":[\"all\",[\"==\",\"$type\",\"Polygon\"],[\"==\",\"class\",\"residential\"]],\"layout\":{\"visibility\":\"{visibility1}\"},\"paint\":{\"fill-color\":\"{{indexedColor_1}}\",\"fill-opacity\":0.7,\"fill-antialias\":true}},{\"id\":\"landcover_grass\",\"type\":\"fill\",\"source\":\"openmaptilesLite\",\"source-layer\":\"landcover\",\"filter\":[\"==\",\"class\",\"grass\"],\"layout\":{\"visibility\":\"{visibility8}\"},\"paint\":{\"fill-color\":\"{{indexedColor_2}}\",\"fill-opacity\":0.45,\"fill-antialias\":true}},{\"id\":\"park\",\"type\":\"fill\",\"source\":\"openmaptilesLite\",\"source-layer\":\"park\",\"layout\":{\"visibility\":\"{visibility8}\"},\"paint\":{\"fill-color\":\"{{indexedColor_3}}\",\"fill-opacity\":1,\"fill-antialias\":true}},{\"id\":\"landcover_wood\",\"type\":\"fill\",\"source\":\"openmaptilesLite\",\"source-layer\":\"landcover\",\"filter\":[\"==\",\"class\",\"wood\"],\"layout\":{\"visibility\":\"{visibility8}\"},\"paint\":{\"fill-color\":\"{{indexedColor_4}}\",\"fill-opacity\":{\"base\":1,\"stops\":[[8,0.6],[22,1]]},\"fill-antialias\":true}},{\"id\":\"ocean\",\"type\":\"fill\",\"source\":\"openmaptilesLite\",\"source-layer\":\"water\",\"filter\":[\"all\",[\"==\",\"$type\",\"Polygon\"],[\"==\",\"class\",\"ocean\"]],\"layout\":{\"visibility\":\"{oceanVisibility}\"},\"paint\":{\"fill-color\":\"{{indexedColor_5}}\",\"fill-antialias\":true}},{\"id\":\"lakes\",\"type\":\"fill\",\"source\":\"openmaptilesLite\",\"source-layer\":\"water\",\"filter\":[\"all\",[\"==\",\"$type\",\"Polygon\"],[\"==\",\"class\",\"lake\"]],\"layout\":{\"visibility\":\"{lakeVisibility}\"},\"paint\":{\"fill-color\":\"{{indexedColor_5}}\",\"fill-antialias\":true}},{\"id\":\"riverbodies\",\"type\":\"fill\",\"source\":\"openmaptilesLite\",\"source-layer\":\"water\",\"filter\":[\"all\",[\"==\",\"$type\",\"Polygon\"],[\"==\",\"class\",\"river\"]],\"layout\":{\"visibility\":\"{riverVisibility}\"},\"paint\":{\"fill-color\":\"{{indexedColor_5}}\",\"fill-antialias\":true}},{\"id\":\"landcover-ice-shelf\",\"type\":\"fill\",\"source\":\"openmaptilesLite\",\"source-layer\":\"landcover\",\"filter\":[\"==\",\"subclass\",\"ice_shelf\"],\"layout\":{\"visibility\":\"{visibility1}\"},\"paint\":{\"fill-color\":\"{{indexedColor_6}}\",\"fill-opacity\":0.8,\"fill-antialias\":true}},{\"id\":\"landcover-glacier\",\"type\":\"fill\",\"source\":\"openmaptilesLite\",\"source-layer\":\"landcover\",\"filter\":[\"==\",\"subclass\",\"glacier\"],\"layout\":{\"visibility\":\"{visibility1}\"},\"paint\":{\"fill-color\":\"{{indexedColor_7}}\",\"fill-opacity\":{\"base\":1,\"stops\":[[0,1],[8,0.5]]},\"fill-antialias\":true}},{\"id\":\"landcover_sand\",\"type\":\"fill\",\"source\":\"openmaptilesLite\",\"source-layer\":\"landcover\",\"filter\":[\"all\",[\"in\",\"class\",\"sand\"]],\"layout\":{\"visibility\":\"{visibility1}\"},\"paint\":{\"fill-antialias\":true,\"fill-color\":\"{{indexedColor_8}}\",\"fill-opacity\":0.3}},{\"id\":\"landuse\",\"type\":\"fill\",\"source\":\"openmaptilesLite\",\"source-layer\":\"landuse\",\"filter\":[\"==\",\"class\",\"agriculture\"],\"layout\":{\"visibility\":\"{visibility1}\"},\"paint\":{\"fill-color\":\"{{indexedColor_9}}\",\"fill-antialias\":true}},{\"id\":\"landuse_overlay_national_park\",\"type\":\"fill\",\"source\":\"openmaptilesLite\",\"source-layer\":\"landcover\",\"filter\":[\"==\",\"class\",\"national_park\"],\"layout\":{\"visibility\":\"{visibility8}\"},\"paint\":{\"fill-color\":\"{{indexedColor_10}}\",\"fill-opacity\":{\"base\":1,\"stops\":[[5,0],[9,0.75]]},\"fill-antialias\":true}},{\"id\":\"park_outline\",\"type\":\"line\",\"source\":\"openmaptilesLite\",\"source-layer\":\"park\",\"layout\":{\"visibility\":\"{visibility8}\"},\"paint\":{\"line-color\":\"{{indexedColor_11}}\",\"line-width\":\"{{indexedLineWidth_0}}\"}},{\"id\":\"waterway-tunnel\",\"type\":\"line\",\"source\":\"openmaptilesLite\",\"source-layer\":\"waterway\",\"filter\":[\"all\",[\"==\",\"$type\",\"LineString\"],[\"==\",\"brunnel\",\"tunnel\"]],\"layout\":{\"visibility\":\"{riverVisibility}\"},\"paint\":{\"line-color\":\"{{indexedColor_12}}\",\"line-width\":{\"base\":1.4,\"stops\":[[8,\"{{indexedLineWidth_1}}\"],[20,\"{{indexedLineWidth_2}}\"]]},\"line-opacity\":1,\"line-gap-width\":{\"stops\":[[12,0],[20,6]]},\"line-dasharray\":[3,3]}},{\"id\":\"waterway\",\"type\":\"line\",\"source\":\"openmaptilesLite\",\"source-layer\":\"waterway\",\"filter\":[\"all\",[\"==\",\"$type\",\"LineString\"],[\"!in\",\"brunnel\",\"tunnel\",\"bridge\"]],\"layout\":{\"visibility\":\"{riverVisibility}\"},\"paint\":{\"line-color\":\"{{indexedColor_13}}\",\"line-width\":{\"base\":1.4,\"stops\":[[8,\"{{indexedLineWidth_3}}\"],[20,\"{{indexedLineWidth_4}}\"]]},\"line-opacity\":1}},{\"id\":\"tunnel_railway_transit\",\"type\":\"line\",\"source\":\"openmaptilesLite\",\"source-layer\":\"transportation\",\"minzoom\":0,\"filter\":[\"all\",[\"==\",\"$type\",\"LineString\"],[\"==\",\"brunnel\",\"tunnel\"],[\"==\",\"class\",\"transit\"]],\"layout\":{\"line-cap\":\"butt\",\"line-join\":\"miter\",\"visibility\":\"{visibility3}\"},\"paint\":{\"line-color\":\"{{indexedColor_14}}\",\"line-opacity\":{\"base\":1,\"stops\":[[11,0],[16,1]]},\"line-dasharray\":[3,3],\"line-width\":\"{{indexedLineWidth_5}}\"}},{\"id\":\"road_bridge_area\",\"type\":\"fill\",\"source\":\"openmaptilesLite\",\"source-layer\":\"transportation\",\"filter\":[\"all\",[\"==\",\"$type\",\"Polygon\"],[\"in\",\"brunnel\",\"bridge\"]],\"layout\":{\"visibility\":\"{visibility5}\"},\"paint\":{\"fill-color\":\"{{indexedColor_19}}\",\"fill-opacity\":0.5,\"fill-antialias\":true}},{\"id\":\"road_path\",\"type\":\"line\",\"source\":\"openmaptilesLite\",\"source-layer\":\"transportation\",\"filter\":[\"all\",[\"==\",\"$type\",\"LineString\"],[\"in\",\"class\",\"path\",\"track\"]],\"layout\":{\"line-cap\":\"square\",\"line-join\":\"bevel\",\"visibility\":\"{visibility5}\"},\"paint\":{\"line-color\":\"{{indexedColor_20}}\",\"line-dasharray\":[1,1],\"line-width\":{\"base\":1.55,\"stops\":[[4,\"{{indexedLineWidth_6}}\"],[20,\"{{indexedLineWidth_7}}\"]]}}},{\"id\":\"road_minor\",\"type\":\"line\",\"source\":\"openmaptilesLite\",\"source-layer\":\"transportation\",\"filter\":[\"all\",[\"==\",\"$type\",\"LineString\"],[\"in\",\"class\",\"minor\",\"service\"]],\"layout\":{\"line-cap\":\"round\",\"line-join\":\"round\",\"visibility\":\"{visibility5}\"},\"paint\":{\"line-color\":\"{{indexedColor_21}}\",\"line-width\":{\"base\":1.55,\"stops\":[[4,\"{{indexedLineWidth_8}}\"],[20,\"{{indexedLineWidth_9}}\"]]}}},{\"id\":\"tunnel_minor\",\"type\":\"line\",\"source\":\"openmaptilesLite\",\"source-layer\":\"transportation\",\"filter\":[\"all\",[\"==\",\"$type\",\"LineString\"],[\"==\",\"brunnel\",\"tunnel\"],[\"==\",\"class\",\"minor_road\"]],\"layout\":{\"line-cap\":\"butt\",\"line-join\":\"miter\",\"visibility\":\"{visibility5}\"},\"paint\":{\"line-color\":\"{{indexedColor_22}}\",\"line-width\":{\"base\":1.55,\"stops\":[[4,\"{{indexedLineWidth_10}}\"],[20,\"{{indexedLineWidth_11}}\"]]},\"line-dasharray\":[0.36,0.18]}},{\"id\":\"tunnel_major\",\"type\":\"line\",\"source\":\"openmaptilesLite\",\"source-layer\":\"transportation\",\"filter\":[\"all\",[\"==\",\"$type\",\"LineString\"],[\"==\",\"brunnel\",\"tunnel\"],[\"in\",\"class\",\"primary\",\"secondary\",\"tertiary\",\"trunk\"]],\"layout\":{\"line-cap\":\"butt\",\"line-join\":\"miter\",\"visibility\":\"{visibility5}\"},\"paint\":{\"line-color\":\"{{indexedColor_23}}\",\"line-width\":{\"base\":1.4,\"stops\":[[6,\"{{indexedLineWidth_12}}\"],[20,\"{{indexedLineWidth_13}}\"]]},\"line-dasharray\":[0.28,0.14]}},{\"id\":\"aeroway-area\",\"type\":\"fill\",\"source\":\"openmaptilesLite\",\"source-layer\":\"aeroway\",\"minzoom\":4,\"filter\":[\"all\",[\"==\",\"$type\",\"Polygon\"],[\"in\",\"class\",\"runway\",\"taxiway\"]],\"layout\":{\"visibility\":\"{visibility1}\"},\"paint\":{\"fill-opacity\":{\"base\":1,\"stops\":[[13,0],[14,1]]},\"fill-color\":\"{{indexedColor_24}}\",\"fill-antialias\":true}},{\"id\":\"aeroway-taxiway\",\"type\":\"line\",\"source\":\"openmaptilesLite\",\"source-layer\":\"aeroway\",\"minzoom\":12,\"filter\":[\"all\",[\"in\",\"class\",\"taxiway\"],[\"==\",\"$type\",\"LineString\"]],\"layout\":{\"line-cap\":\"round\",\"line-join\":\"round\",\"visibility\":\"{visibility5}\"},\"paint\":{\"line-color\":\"{{indexedColor_25}}\",\"line-width\":{\"base\":1.5,\"stops\":[[12,\"{{indexedLineWidth_14}}\"],[17,\"{{indexedLineWidth_15}}\"]]},\"line-opacity\":1}},{\"id\":\"aeroway-runway\",\"type\":\"line\",\"source\":\"openmaptilesLite\",\"source-layer\":\"aeroway\",\"minzoom\":4,\"filter\":[\"all\",[\"in\",\"class\",\"runway\"],[\"==\",\"$type\",\"LineString\"]],\"layout\":{\"line-cap\":\"round\",\"line-join\":\"round\",\"visibility\":\"{visibility5}\"},\"paint\":{\"line-color\":\"{{indexedColor_26}}\",\"line-width\":{\"base\":1.5,\"stops\":[[11,\"{{indexedLineWidth_16}}\"],[17,\"{{indexedLineWidth_17}}\"]]},\"line-opacity\":1}},{\"id\":\"road_trunk_primary\",\"type\":\"line\",\"source\":\"openmaptilesLite\",\"source-layer\":\"transportation\",\"filter\":[\"all\",[\"==\",\"$type\",\"LineString\"],[\"in\",\"class\",\"trunk\",\"primary\"]],\"layout\":{\"line-cap\":\"round\",\"line-join\":\"round\",\"visibility\":\"{visibility5}\"},\"paint\":{\"line-color\":\"{{indexedColor_27}}\",\"line-width\":{\"base\":1.4,\"stops\":[[6,\"{{indexedLineWidth_18}}\"],[20,\"{{indexedLineWidth_19}}\"]]}}},{\"id\":\"road_secondary_tertiary\",\"type\":\"line\",\"source\":\"openmaptilesLite\",\"source-layer\":\"transportation\",\"filter\":[\"all\",[\"==\",\"$type\",\"LineString\"],[\"in\",\"class\",\"secondary\",\"tertiary\"]],\"layout\":{\"line-cap\":\"round\",\"line-join\":\"round\",\"visibility\":\"{visibility5}\"},\"paint\":{\"line-color\":\"{{indexedColor_28}}\",\"line-width\":{\"base\":1.4,\"stops\":[[6,\"{{indexedLineWidth_20}}\"],[20,\"{{indexedLineWidth_21}}\"]]}}},{\"id\":\"road_major_motorway\",\"type\":\"line\",\"source\":\"openmaptilesLite\",\"source-layer\":\"transportation\",\"filter\":[\"all\",[\"==\",\"$type\",\"LineString\"],[\"==\",\"class\",\"motorway\"]],\"layout\":{\"line-cap\":\"round\",\"line-join\":\"round\",\"visibility\":\"{visibility5}\"},\"paint\":{\"line-color\":\"{{indexedColor_29}}\",\"line-width\":{\"base\":1.4,\"stops\":[[8,\"{{indexedLineWidth_22}}\"],[16,\"{{indexedLineWidth_23}}\"]]},\"line-offset\":0}},{\"id\":\"railway-transit\",\"type\":\"line\",\"source\":\"openmaptilesLite\",\"source-layer\":\"transportation\",\"filter\":[\"all\",[\"==\",\"class\",\"transit\"],[\"!=\",\"brunnel\",\"tunnel\"]],\"layout\":{\"visibility\":\"{visibility3}\"},\"paint\":{\"line-color\":\"{{indexedColor_30}}\",\"line-opacity\":{\"base\":1,\"stops\":[[11,0],[16,1]]},\"line-width\":\"{{indexedLineWidth_24}}\"}},{\"id\":\"railway\",\"type\":\"line\",\"source\":\"openmaptilesLite\",\"source-layer\":\"transportation\",\"filter\":[\"==\",\"class\",\"rail\"],\"layout\":{\"visibility\":\"{visibility3}\"},\"paint\":{\"line-color\":\"{{indexedColor_31}}\",\"line-opacity\":{\"base\":1,\"stops\":[[11,0],[16,1]]},\"line-width\":\"{{indexedLineWidth_25}}\"}},{\"id\":\"waterway-bridge-case\",\"type\":\"line\",\"source\":\"openmaptilesLite\",\"source-layer\":\"waterway\",\"filter\":[\"all\",[\"==\",\"$type\",\"LineString\"],[\"==\",\"brunnel\",\"bridge\"]],\"layout\":{\"line-cap\":\"butt\",\"line-join\":\"miter\",\"visibility\":\"{riverVisibility}\"},\"paint\":{\"line-color\":\"{{indexedColor_32}}\",\"line-width\":{\"base\":1.6,\"stops\":[[12,\"{{indexedLineWidth_26}}\"],[20,\"{{indexedLineWidth_27}}\"]]},\"line-gap-width\":{\"base\":1.55,\"stops\":[[4,0.25],[20,30]]}}},{\"id\":\"waterway-bridge\",\"type\":\"line\",\"source\":\"openmaptilesLite\",\"source-layer\":\"waterway\",\"filter\":[\"all\",[\"==\",\"$type\",\"LineString\"],[\"==\",\"brunnel\",\"bridge\"]],\"layout\":{\"line-cap\":\"round\",\"line-join\":\"round\",\"visibility\":\"{riverVisibility}\"},\"paint\":{\"line-color\":\"{{indexedColor_33}}\",\"line-width\":{\"base\":1.55,\"stops\":[[4,\"{{indexedLineWidth_28}}\"],[20,\"{{indexedLineWidth_29}}\"]]}}},{\"id\":\"bridge_minor case\",\"type\":\"line\",\"source\":\"openmaptilesLite\",\"source-layer\":\"transportation\",\"filter\":[\"all\",[\"==\",\"$type\",\"LineString\"],[\"==\",\"brunnel\",\"bridge\"],[\"==\",\"class\",\"minor_road\"]],\"layout\":{\"line-cap\":\"butt\",\"line-join\":\"miter\",\"visibility\":\"{visibility5}\"},\"paint\":{\"line-color\":\"{{indexedColor_34}}\",\"line-width\":{\"base\":1.6,\"stops\":[[12,\"{{indexedLineWidth_30}}\"],[20,\"{{indexedLineWidth_31}}\"]]},\"line-gap-width\":{\"base\":1.55,\"stops\":[[4,0.25],[20,30]]}}},{\"id\":\"bridge_major case\",\"type\":\"line\",\"source\":\"openmaptilesLite\",\"source-layer\":\"transportation\",\"filter\":[\"all\",[\"==\",\"$type\",\"LineString\"],[\"==\",\"brunnel\",\"bridge\"],[\"in\",\"class\",\"primary\",\"secondary\",\"tertiary\",\"trunk\"]],\"layout\":{\"line-cap\":\"butt\",\"line-join\":\"miter\",\"visibility\":\"{visibility5}\"},\"paint\":{\"line-color\":\"{{indexedColor_35}}\",\"line-width\":{\"base\":1.6,\"stops\":[[12,\"{{indexedLineWidth_32}}\"],[20,\"{{indexedLineWidth_33}}\"]]},\"line-gap-width\":{\"base\":1.55,\"stops\":[[4,0.25],[20,30]]}}},{\"id\":\"bridge_minor\",\"type\":\"line\",\"source\":\"openmaptilesLite\",\"source-layer\":\"transportation\",\"filter\":[\"all\",[\"==\",\"$type\",\"LineString\"],[\"==\",\"brunnel\",\"bridge\"],[\"==\",\"class\",\"minor_road\"]],\"layout\":{\"line-cap\":\"round\",\"line-join\":\"round\",\"visibility\":\"{visibility5}\"},\"paint\":{\"line-color\":\"{{indexedColor_36}}\",\"line-width\":{\"base\":1.55,\"stops\":[[4,\"{{indexedLineWidth_34}}\"],[20,\"{{indexedLineWidth_35}}\"]]}}},{\"id\":\"bridge_major\",\"type\":\"line\",\"source\":\"openmaptilesLite\",\"source-layer\":\"transportation\",\"filter\":[\"all\",[\"==\",\"$type\",\"LineString\"],[\"==\",\"brunnel\",\"bridge\"],[\"in\",\"class\",\"primary\",\"secondary\",\"tertiary\",\"trunk\"]],\"layout\":{\"line-cap\":\"round\",\"line-join\":\"round\",\"visibility\":\"{visibility5}\"},\"paint\":{\"line-color\":\"{{indexedColor_37}}\",\"line-width\":{\"base\":1.4,\"stops\":[[6,\"{{indexedLineWidth_36}}\"],[20,\"{{indexedLineWidth_37}}\"]]}}},{\"id\":\"admin_sub\",\"type\":\"line\",\"source\":\"openmaptilesLite\",\"source-layer\":\"boundary\",\"minzoom\":3,\"filter\":[\"all\",[\"in\",\"admin_level\",4,6,8]],\"layout\":{\"visibility\":\"{visibility6}\"},\"paint\":{\"line-color\":\"{{indexedColor_38}}\",\"line-dasharray\":[2,1],\"line-width\":\"{{indexedLineWidth_38}}\"}},{\"id\":\"admin_country\",\"type\":\"line\",\"source\":\"openmaptilesLite\",\"source-layer\":\"boundary\",\"minzoom\":0,\"maxzoom\":5,\"filter\":[\"all\",[\"<=\",\"admin_level\",2],[\"==\",\"$type\",\"LineString\"],[\"!has\",\"claimed_by\"]],\"layout\":{\"line-cap\":\"round\",\"line-join\":\"round\",\"visibility\":\"{visibility7}\"},\"paint\":{\"line-color\":\"{{indexedColor_39}}\",\"line-width\":{\"base\":1.3,\"stops\":[[3,\"{{indexedLineWidth_39}}\"],[22,\"{{indexedLineWidth_40}}\"]]}}},{\"id\":\"admin_country2\",\"type\":\"line\",\"source\":\"openmaptilesLite\",\"source-layer\":\"boundary\",\"minzoom\":5,\"filter\":[\"all\",[\"<=\",\"admin_level\",2],[\"==\",\"$type\",\"LineString\"]],\"layout\":{\"line-cap\":\"round\",\"line-join\":\"round\",\"visibility\":\"{visibility7}\"},\"paint\":{\"line-color\":\"{{indexedColor_39}}\",\"line-width\":{\"base\":1.3,\"stops\":[[3,\"{{indexedLineWidth_39}}\"],[22,\"{{indexedLineWidth_40}}\"]]}}}],\"id\":\"geolayersBasicLite\"}","name":"Lite","id":"LiteV1-ku4bjofdnbpym","type":"vector","fileFormat":"png","providerAttribution":"© MapTiler","indexedVars":[{"name":"Background","type":"show","value":true,"indexedId":"visibility0","groupId":2},{"name":"Oceans","type":"show","value":true,"indexedId":"oceanVisibility","groupId":2},{"name":"Lakes","type":"show","value":true,"indexedId":"lakeVisibility","groupId":2},{"name":"Rivers","type":"show","value":true,"indexedId":"riverVisibility","groupId":2},{"name":"Parks","type":"show","value":true,"indexedId":"visibility8","groupId":2},{"name":"Landuse","type":"show","value":true,"indexedId":"visibility1","groupId":2},{"name":"Rail","type":"show","value":true,"indexedId":"visibility3","groupId":2},{"name":"Roads","type":"show","value":true,"indexedId":"visibility5","groupId":2},{"name":"Admin Sub","type":"show","value":true,"indexedId":"visibility6","groupId":2},{"name":"Admin Country","type":"show","value":true,"indexedId":"visibility7","groupId":2}],"indexedVarGroups":[{"name":"Contents","id":2}],"maxZoom":10}