{"GL3jsonType":"styleInterface","requiredStyleSourceVars":["omtVectorV3TileJson"],"baseColors":[{"name":"Admin 2","color":{"r":0,"g":0,"b":0,"a":1}},{"name":"Admin 3","color":{"r":32,"g":32,"b":32,"a":1}},{"name":"Admin 4","color":{"r":64,"g":64,"b":64,"a":1}},{"name":"Admin 5","color":{"r":96,"g":96,"b":96,"a":1}},{"name":"Admin 6","color":{"r":128,"g":128,"b":128,"a":1}},{"name":"Admin 7","color":{"r":156,"g":156,"b":156,"a":1}},{"name":"Admin 8","color":{"r":188,"g":188,"b":188,"a":1}},{"name":"Admin 9","color":{"r":220,"g":220,"b":220,"a":1}},{"name":"Admin 10","color":{"r":255,"g":255,"b":255,"a":1}},{"name":"Disputed","color":{"r":0,"g":0,"b":0,"a":1}},{"name":"Coastline","color":{"r":0,"g":0,"b":0,"a":1}}],"lineWidthMult":1,"indexedColors":[{"colorId":"{{indexedColor_0}}","originalColor":{"r":153,"g":153,"b":153,"a":1},"layerId":"admin_10","colorType":"line-color","stopNr":-1,"preserveRGB":false,"preserveAlpha":true,"mapping":{"sourceIndex1":8,"sourceIndex2":0,"mix":0,"luma":0,"alpha":1}},{"colorId":"{{indexedColor_1}}","originalColor":{"r":153,"g":153,"b":153,"a":1},"layerId":"admin_9","colorType":"line-color","stopNr":-1,"preserveRGB":false,"preserveAlpha":true,"mapping":{"sourceIndex1":7,"sourceIndex2":0,"mix":0,"luma":0,"alpha":1}},{"colorId":"{{indexedColor_2}}","originalColor":{"r":153,"g":153,"b":153,"a":1},"layerId":"admin_8","colorType":"line-color","stopNr":-1,"preserveRGB":false,"preserveAlpha":true,"mapping":{"sourceIndex1":6,"sourceIndex2":0,"mix":0,"luma":0,"alpha":1}},{"colorId":"{{indexedColor_3}}","originalColor":{"r":153,"g":153,"b":153,"a":1},"layerId":"admin_7","colorType":"line-color","stopNr":-1,"preserveRGB":false,"preserveAlpha":true,"mapping":{"sourceIndex1":5,"sourceIndex2":0,"mix":0,"luma":0,"alpha":1}},{"colorId":"{{indexedColor_4}}","originalColor":{"r":153,"g":153,"b":153,"a":1},"layerId":"admin_6","colorType":"line-color","stopNr":-1,"preserveRGB":false,"preserveAlpha":true,"mapping":{"sourceIndex1":4,"sourceIndex2":0,"mix":0,"luma":0,"alpha":1}},{"colorId":"{{indexedColor_5}}","originalColor":{"r":153,"g":153,"b":153,"a":1},"layerId":"admin_5","colorType":"line-color","stopNr":-1,"preserveRGB":false,"preserveAlpha":true,"mapping":{"sourceIndex1":3,"sourceIndex2":0,"mix":0,"luma":0,"alpha":1}},{"colorId":"{{indexedColor_6}}","originalColor":{"r":153,"g":153,"b":153,"a":1},"layerId":"admin_4","colorType":"line-color","stopNr":-1,"preserveRGB":false,"preserveAlpha":true,"mapping":{"sourceIndex1":2,"sourceIndex2":0,"mix":0,"luma":0,"alpha":1}},{"colorId":"{{indexedColor_7}}","originalColor":{"r":153,"g":153,"b":153,"a":1},"layerId":"admin_3","colorType":"line-color","stopNr":-1,"preserveRGB":false,"preserveAlpha":true,"mapping":{"sourceIndex1":1,"sourceIndex2":0,"mix":0,"luma":0,"alpha":1}},{"colorId":"{{indexedColor_8}}","originalColor":{"r":153,"g":153,"b":153,"a":1},"layerId":"admin_2","colorType":"line-color","stopNr":-1,"preserveRGB":false,"preserveAlpha":true,"mapping":{"sourceIndex1":0,"sourceIndex2":0,"mix":0,"luma":0,"alpha":1}},{"colorId":"{{indexedColor_9}}","originalColor":{"r":153,"g":153,"b":153,"a":1},"layerId":"admin_2_disputed","colorType":"line-color","stopNr":-1,"preserveRGB":false,"preserveAlpha":true,"mapping":{"sourceIndex1":9,"sourceIndex2":0,"mix":0,"luma":0,"alpha":1}},{"colorId":"{{indexedColor_10}}","originalColor":{"r":153,"g":153,"b":153,"a":1},"layerId":"coast","colorType":"line-color","stopNr":-1,"preserveRGB":false,"preserveAlpha":true,"mapping":{"sourceIndex1":10,"sourceIndex2":0,"mix":0,"luma":0,"alpha":1}}],"indexedLineWidths":[{"lineWidthId":"{{indexedLineWidth_0}}","originalLineWidth":0.2,"layerId":"admin_10","lineWidthType":"line-width","stopNr":0,"mapping":{"mult":1}},{"lineWidthId":"{{indexedLineWidth_1}}","originalLineWidth":5,"layerId":"admin_10","lineWidthType":"line-width","stopNr":1,"mapping":{"mult":1}},{"lineWidthId":"{{indexedLineWidth_2}}","originalLineWidth":0.2,"layerId":"admin_9","lineWidthType":"line-width","stopNr":0,"mapping":{"mult":1}},{"lineWidthId":"{{indexedLineWidth_3}}","originalLineWidth":5,"layerId":"admin_9","lineWidthType":"line-width","stopNr":1,"mapping":{"mult":1}},{"lineWidthId":"{{indexedLineWidth_4}}","originalLineWidth":0.4,"layerId":"admin_8","lineWidthType":"line-width","stopNr":0,"mapping":{"mult":1}},{"lineWidthId":"{{indexedLineWidth_5}}","originalLineWidth":8,"layerId":"admin_8","lineWidthType":"line-width","stopNr":1,"mapping":{"mult":1}},{"lineWidthId":"{{indexedLineWidth_6}}","originalLineWidth":0.4,"layerId":"admin_7","lineWidthType":"line-width","stopNr":0,"mapping":{"mult":1}},{"lineWidthId":"{{indexedLineWidth_7}}","originalLineWidth":8,"layerId":"admin_7","lineWidthType":"line-width","stopNr":1,"mapping":{"mult":1}},{"lineWidthId":"{{indexedLineWidth_8}}","originalLineWidth":0.6,"layerId":"admin_6","lineWidthType":"line-width","stopNr":0,"mapping":{"mult":1}},{"lineWidthId":"{{indexedLineWidth_9}}","originalLineWidth":10,"layerId":"admin_6","lineWidthType":"line-width","stopNr":1,"mapping":{"mult":1}},{"lineWidthId":"{{indexedLineWidth_10}}","originalLineWidth":0.6,"layerId":"admin_5","lineWidthType":"line-width","stopNr":0,"mapping":{"mult":1}},{"lineWidthId":"{{indexedLineWidth_11}}","originalLineWidth":10,"layerId":"admin_5","lineWidthType":"line-width","stopNr":1,"mapping":{"mult":1}},{"lineWidthId":"{{indexedLineWidth_12}}","originalLineWidth":0.8,"layerId":"admin_4","lineWidthType":"line-width","stopNr":0,"mapping":{"mult":1}},{"lineWidthId":"{{indexedLineWidth_13}}","originalLineWidth":13,"layerId":"admin_4","lineWidthType":"line-width","stopNr":1,"mapping":{"mult":1}},{"lineWidthId":"{{indexedLineWidth_14}}","originalLineWidth":0.8,"layerId":"admin_3","lineWidthType":"line-width","stopNr":0,"mapping":{"mult":1}},{"lineWidthId":"{{indexedLineWidth_15}}","originalLineWidth":13,"layerId":"admin_3","lineWidthType":"line-width","stopNr":1,"mapping":{"mult":1}},{"lineWidthId":"{{indexedLineWidth_16}}","originalLineWidth":1,"layerId":"admin_2","lineWidthType":"line-width","stopNr":0,"mapping":{"mult":1.5}},{"lineWidthId":"{{indexedLineWidth_17}}","originalLineWidth":15,"layerId":"admin_2","lineWidthType":"line-width","stopNr":1,"mapping":{"mult":1.5}},{"lineWidthId":"{{indexedLineWidth_18}}","originalLineWidth":1,"layerId":"admin_2","lineWidthType":"line-width","stopNr":0,"mapping":{"mult":1}},{"lineWidthId":"{{indexedLineWidth_19}}","originalLineWidth":15,"layerId":"admin_2","lineWidthType":"line-width","stopNr":1,"mapping":{"mult":1}},{"lineWidthId":"{{indexedLineWidth_20}}","originalLineWidth":1,"layerId":"coastline","lineWidthType":"line-width","stopNr":0,"mapping":{"mult":1.5}},{"lineWidthId":"{{indexedLineWidth_21}}","originalLineWidth":15,"layerId":"coastline","lineWidthType":"line-width","stopNr":1,"mapping":{"mult":1.5}}],"indexedRasterInterfaces":[],"indexedStyleJsonStr":"{\"version\":8,\"name\":\"GEOlayers 3 Interface Style\",\"sources\":{\"openmaptiles\":{\"type\":\"vector\",\"url\":\"{omtVectorV3TileJson}\"}},\"layers\":[{\"id\":\"admin_disputed\",\"type\":\"line\",\"source\":\"openmaptiles\",\"source-layer\":\"boundary\",\"filter\":[\"all\",[\"==\",\"$type\",\"LineString\"],[\"{maritimeFilterOperator}\",\"maritime\",0],[\"==\",\"disputed\",1]],\"layout\":{\"visibility\":\"{vis_disputed}\",\"line-cap\":\"round\",\"line-join\":\"round\"},\"paint\":{\"line-dasharray\":[1,3],\"line-color\":\"{{indexedColor_9}}\",\"line-width\":{\"base\":1.3,\"stops\":[[3,\"{{indexedLineWidth_18}}\"],[22,\"{{indexedLineWidth_19}}\"]]}}},{\"id\":\"admin_10\",\"type\":\"line\",\"source\":\"openmaptiles\",\"source-layer\":\"boundary\",\"minzoom\":0,\"maxzoom\":24,\"filter\":[\"all\",[\"==\",\"admin_level\",10],[\"==\",\"$type\",\"LineString\"],[\"{maritimeFilterOperator}\",\"maritime\",0]],\"layout\":{\"visibility\":\"{vis_a10}\",\"line-cap\":\"round\",\"line-join\":\"round\"},\"paint\":{\"line-color\":\"{{indexedColor_0}}\",\"line-width\":{\"base\":1.3,\"stops\":[[3,\"{{indexedLineWidth_0}}\"],[22,\"{{indexedLineWidth_1}}\"]]}}},{\"id\":\"admin_9\",\"type\":\"line\",\"source\":\"openmaptiles\",\"source-layer\":\"boundary\",\"minzoom\":0,\"maxzoom\":24,\"filter\":[\"all\",[\"==\",\"admin_level\",9],[\"==\",\"$type\",\"LineString\"],[\"{maritimeFilterOperator}\",\"maritime\",0]],\"layout\":{\"visibility\":\"{vis_a9}\",\"line-cap\":\"round\",\"line-join\":\"round\"},\"paint\":{\"line-color\":\"{{indexedColor_1}}\",\"line-width\":{\"base\":1.3,\"stops\":[[3,\"{{indexedLineWidth_2}}\"],[22,\"{{indexedLineWidth_3}}\"]]}}},{\"id\":\"admin_8\",\"type\":\"line\",\"source\":\"openmaptiles\",\"source-layer\":\"boundary\",\"minzoom\":0,\"maxzoom\":24,\"filter\":[\"all\",[\"==\",\"admin_level\",8],[\"==\",\"$type\",\"LineString\"],[\"{maritimeFilterOperator}\",\"maritime\",0]],\"layout\":{\"visibility\":\"{vis_a8}\",\"line-cap\":\"round\",\"line-join\":\"round\"},\"paint\":{\"line-color\":\"{{indexedColor_2}}\",\"line-width\":{\"base\":1.3,\"stops\":[[3,\"{{indexedLineWidth_4}}\"],[22,\"{{indexedLineWidth_5}}\"]]}}},{\"id\":\"admin_7\",\"type\":\"line\",\"source\":\"openmaptiles\",\"source-layer\":\"boundary\",\"minzoom\":0,\"maxzoom\":24,\"filter\":[\"all\",[\"==\",\"admin_level\",7],[\"==\",\"$type\",\"LineString\"],[\"{maritimeFilterOperator}\",\"maritime\",0]],\"layout\":{\"visibility\":\"{vis_a7}\",\"line-cap\":\"round\",\"line-join\":\"round\"},\"paint\":{\"line-color\":\"{{indexedColor_3}}\",\"line-width\":{\"base\":1.3,\"stops\":[[3,\"{{indexedLineWidth_6}}\"],[22,\"{{indexedLineWidth_7}}\"]]}}},{\"id\":\"admin_6\",\"type\":\"line\",\"source\":\"openmaptiles\",\"source-layer\":\"boundary\",\"minzoom\":0,\"maxzoom\":24,\"filter\":[\"all\",[\"==\",\"admin_level\",6],[\"==\",\"$type\",\"LineString\"],[\"{maritimeFilterOperator}\",\"maritime\",0]],\"layout\":{\"visibility\":\"{vis_a6}\",\"line-cap\":\"round\",\"line-join\":\"round\"},\"paint\":{\"line-color\":\"{{indexedColor_4}}\",\"line-width\":{\"base\":1.3,\"stops\":[[3,\"{{indexedLineWidth_8}}\"],[22,\"{{indexedLineWidth_9}}\"]]}}},{\"id\":\"admin_5\",\"type\":\"line\",\"source\":\"openmaptiles\",\"source-layer\":\"boundary\",\"minzoom\":0,\"maxzoom\":24,\"filter\":[\"all\",[\"==\",\"admin_level\",5],[\"==\",\"$type\",\"LineString\"],[\"{maritimeFilterOperator}\",\"maritime\",0]],\"layout\":{\"visibility\":\"{vis_a5}\",\"line-cap\":\"round\",\"line-join\":\"round\"},\"paint\":{\"line-color\":\"{{indexedColor_5}}\",\"line-width\":{\"base\":1.3,\"stops\":[[3,\"{{indexedLineWidth_10}}\"],[22,\"{{indexedLineWidth_11}}\"]]}}},{\"id\":\"admin_4\",\"type\":\"line\",\"source\":\"openmaptiles\",\"source-layer\":\"boundary\",\"minzoom\":0,\"maxzoom\":24,\"filter\":[\"all\",[\"==\",\"admin_level\",4],[\"==\",\"$type\",\"LineString\"],[\"{maritimeFilterOperator}\",\"maritime\",0]],\"layout\":{\"visibility\":\"{vis_a4}\",\"line-cap\":\"round\",\"line-join\":\"round\"},\"paint\":{\"line-color\":\"{{indexedColor_6}}\",\"line-width\":{\"base\":1.3,\"stops\":[[3,\"{{indexedLineWidth_12}}\"],[22,\"{{indexedLineWidth_13}}\"]]}}},{\"id\":\"admin_3\",\"type\":\"line\",\"source\":\"openmaptiles\",\"source-layer\":\"boundary\",\"minzoom\":0,\"maxzoom\":24,\"filter\":[\"all\",[\"==\",\"admin_level\",3],[\"==\",\"$type\",\"LineString\"],[\"{maritimeFilterOperator}\",\"maritime\",0]],\"layout\":{\"visibility\":\"{vis_a3}\",\"line-cap\":\"round\",\"line-join\":\"round\"},\"paint\":{\"line-color\":\"{{indexedColor_7}}\",\"line-width\":{\"base\":1.3,\"stops\":[[3,\"{{indexedLineWidth_14}}\"],[22,\"{{indexedLineWidth_15}}\"]]}}},{\"id\":\"admin_2\",\"type\":\"line\",\"source\":\"openmaptiles\",\"source-layer\":\"boundary\",\"filter\":[\"all\",[\"<=\",\"admin_level\",2],[\"==\",\"$type\",\"LineString\"],[\"{maritimeFilterOperator}\",\"maritime\",0],[\"==\",\"disputed\",0]],\"layout\":{\"visibility\":\"{vis_a2}\",\"line-cap\":\"round\",\"line-join\":\"round\"},\"paint\":{\"line-color\":\"{{indexedColor_8}}\",\"line-width\":{\"base\":1.3,\"stops\":[[3,\"{{indexedLineWidth_16}}\"],[22,\"{{indexedLineWidth_17}}\"]]}}},{\"id\":\"coastline\",\"type\":\"line\",\"source\":\"openmaptiles\",\"source-layer\":\"water\",\"filter\":[\"==\",\"class\",\"ocean\"],\"layout\":{\"visibility\":\"{vis_coast}\",\"line-cap\":\"round\",\"line-join\":\"round\"},\"paint\":{\"line-color\":\"{{indexedColor_10}}\",\"line-width\":{\"base\":1.3,\"stops\":[[3,\"{{indexedLineWidth_20}}\"],[22,\"{{indexedLineWidth_21}}\"]]}}}],\"id\":\"jx0bb93j5up8c\"}","name":"Admin Boundaries","id":"abV4-k8ernj1zo9pg5","type":"vector","fileFormat":"png","providerAttribution":"© MapTiler © OpenStreetMap contributors","indexedVars":[{"name":"Admin 2","type":"show","value":true,"indexedId":"vis_a2","groupId":0},{"name":"Admin 3","type":"show","value":"","indexedId":"vis_a3","groupId":0},{"name":"Admin 4","type":"show","value":true,"indexedId":"vis_a4","groupId":0},{"name":"Admin 5","type":"show","value":"","indexedId":"vis_a5","groupId":0},{"name":"Admin 6","type":"show","value":true,"indexedId":"vis_a6","groupId":0},{"name":"Admin 7","type":"show","value":"","indexedId":"vis_a7","groupId":0},{"name":"Admin 8","type":"show","value":true,"indexedId":"vis_a8","groupId":0},{"name":"Admin 9","type":"show","value":"","indexedId":"vis_a9","groupId":0},{"name":"Admin 10","type":"show","value":"","indexedId":"vis_a10","groupId":0},{"name":"Admin 2 disputed","type":"show","value":true,"indexedId":"vis_disputed","groupId":0},{"name":"Coastline","type":"show","value":false,"indexedId":"vis_coast","groupId":0},{"name":"Maritime","type":"string","options":"Both,Land,Maritime","value":"Both","indexedId":"maritimeType","groupId":0},{"type":"eval","evalStr":"{maritimeType}==\"Land\"?\"==\":{maritimeType}==\"Maritime\"?\"!=\":\">=\"","indexedId":"maritimeFilterOperator"}],"baseColorPresets":[["#000000","#202020","#404040","#606060","#808080","#9c9c9c","#bcbcbc","#dcdcdc","#ffffff","#000000","#000000"],["#ffffff","#ffffff","#ffffff","#ffffff","#ffffff","#ffffff","#ffffff","#ffffff","#ffffff","#ffffff","#ffffff"],["#000000","#000000","#000000","#000000","#000000","#000000","#000000","#000000","#000000","#000000","#000000"]]}