{"GL3requiredVersion":"1.1.9","GL3jsonType":"styleInterface","requiredStyleSourceVars":["neVectorV2TileJson","neIIHillshadesTiles"],"labelInterfaceHint":2,"baseColors":[{"name":"base","color":{"r":185,"g":200,"b":175,"a":1}},{"name":"admin","color":{"r":120,"g":120,"b":120,"a":1}},{"name":"water","color":{"r":15,"g":150,"b":190,"a":1}},{"name":"deep water","color":{"r":40,"g":60,"b":108,"a":1}},{"name":"roads","color":{"r":255,"g":128,"b":0,"a":1}},{"name":"railroads","color":{"r":128,"g":0,"b":64,"a":1}}],"lineWidthMult":1,"indexedColors":[{"colorId":"{{indexedColor_0}}","originalColor":{"r":215,"g":205,"b":201,"a":1},"layerId":"background","colorType":"background-color","stopNr":-1,"preserveRGB":false,"preserveAlpha":true,"mapping":{"sourceIndex1":0,"sourceIndex2":0,"mix":0,"luma":0,"alpha":1}},{"colorId":"{{indexedColor_1}}","originalColor":{"r":255,"g":255,"b":255,"a":1},"layerId":"shelves","colorType":"fill-color","stopNr":-1,"preserveRGB":false,"preserveAlpha":true,"mapping":{"sourceIndex1":0,"sourceIndex2":0,"mix":0,"luma":-0.6,"alpha":1}},{"colorId":"{{indexedColor_2}}","originalColor":{"r":255,"g":255,"b":255,"a":1},"layerId":"glacier","colorType":"fill-color","stopNr":-1,"preserveRGB":false,"preserveAlpha":true,"mapping":{"sourceIndex1":0,"sourceIndex2":0,"mix":0,"luma":-0.6,"alpha":1}},{"colorId":"{{indexedColor_3}}","originalColor":{"r":255,"g":255,"b":255,"a":1},"layerId":"playas","colorType":"fill-color","stopNr":-1,"preserveRGB":false,"preserveAlpha":true,"mapping":{"sourceIndex1":0,"sourceIndex2":1,"mix":0,"luma":0.2,"alpha":1}},{"colorId":"{{indexedColor_4}}","originalColor":{"r":133,"g":133,"b":133,"a":1},"layerId":"urban","colorType":"fill-color","stopNr":-1,"preserveRGB":false,"preserveAlpha":true,"mapping":{"sourceIndex1":0,"sourceIndex2":1,"mix":0,"luma":0.4,"alpha":1}},{"colorId":"{{indexedColor_5}}","originalColor":{"r":133,"g":133,"b":133,"a":1},"layerId":"admin1_bounds","colorType":"line-color","stopNr":-1,"preserveRGB":false,"preserveAlpha":true,"mapping":{"sourceIndex1":1,"sourceIndex2":0,"mix":0,"luma":0,"alpha":1}},{"colorId":"{{indexedColor_6}}","originalColor":{"r":133,"g":133,"b":133,"a":1},"layerId":"admin0_disputed","colorType":"line-color","stopNr":-1,"preserveRGB":false,"preserveAlpha":true,"mapping":{"sourceIndex1":1,"sourceIndex2":0,"mix":0,"luma":0,"alpha":1}},{"colorId":"{{indexedColor_7}}","originalColor":{"r":133,"g":133,"b":133,"a":1},"layerId":"admin0_bounds","colorType":"line-color","stopNr":-1,"preserveRGB":false,"preserveAlpha":true,"mapping":{"sourceIndex1":1,"sourceIndex2":0,"mix":0,"luma":0,"alpha":1}},{"colorId":"{{indexedColor_8}}","originalColor":{"r":17,"g":150,"b":193,"a":1},"layerId":"lakes","colorType":"fill-color","stopNr":-1,"preserveRGB":false,"preserveAlpha":true,"mapping":{"sourceIndex1":2,"sourceIndex2":0,"mix":0,"luma":0,"alpha":1}},{"colorId":"{{indexedColor_9}}","originalColor":{"r":17,"g":150,"b":193,"a":1},"layerId":"riverlines","colorType":"line-color","stopNr":-1,"preserveRGB":false,"preserveAlpha":true,"mapping":{"sourceIndex1":2,"sourceIndex2":0,"mix":0,"luma":0,"alpha":1}},{"colorId":"{{indexedColor_10}}","originalColor":{"r":146,"g":78,"b":78,"a":1},"layerId":"rail-minor","colorType":"line-color","stopNr":-1,"preserveRGB":false,"preserveAlpha":true,"mapping":{"sourceIndex1":5,"sourceIndex2":0,"mix":0.45,"luma":0,"alpha":1}},{"colorId":"{{indexedColor_11}}","originalColor":{"r":146,"g":78,"b":78,"a":1},"layerId":"rail-hatch-minor","colorType":"line-color","stopNr":-1,"preserveRGB":false,"preserveAlpha":true,"mapping":{"sourceIndex1":5,"sourceIndex2":0,"mix":0.45,"luma":0,"alpha":1}},{"colorId":"{{indexedColor_12}}","originalColor":{"r":146,"g":78,"b":78,"a":1},"layerId":"rail","colorType":"line-color","stopNr":-1,"preserveRGB":false,"preserveAlpha":true,"mapping":{"sourceIndex1":5,"sourceIndex2":0,"mix":0,"luma":0,"alpha":1}},{"colorId":"{{indexedColor_13}}","originalColor":{"r":146,"g":78,"b":78,"a":1},"layerId":"rail-hatch","colorType":"line-color","stopNr":-1,"preserveRGB":false,"preserveAlpha":true,"mapping":{"sourceIndex1":5,"sourceIndex2":0,"mix":0,"luma":0,"alpha":1}},{"colorId":"{{indexedColor_14}}","originalColor":{"r":144,"g":144,"b":144,"a":1},"layerId":"roads-other","colorType":"line-color","stopNr":-1,"preserveRGB":false,"preserveAlpha":true,"mapping":{"sourceIndex1":4,"sourceIndex2":0,"mix":0.5,"luma":0,"alpha":1}},{"colorId":"{{indexedColor_15}}","originalColor":{"r":245,"g":147,"b":3,"a":1},"layerId":"roads-minor","colorType":"line-color","stopNr":-1,"preserveRGB":false,"preserveAlpha":true,"mapping":{"sourceIndex1":4,"sourceIndex2":0,"mix":0,"luma":0,"alpha":1}},{"colorId":"{{indexedColor_16}}","originalColor":{"r":245,"g":147,"b":3,"a":1},"layerId":"roads-major","colorType":"line-color","stopNr":-1,"preserveRGB":false,"preserveAlpha":true,"mapping":{"sourceIndex1":4,"sourceIndex2":0,"mix":0,"luma":0,"alpha":1}},{"colorId":"{{indexedColor_17}}","originalColor":{"r":17,"g":150,"b":193,"a":1},"layerId":"ocean","colorType":"fill-color","stopNr":-1,"preserveRGB":false,"preserveAlpha":true,"mapping":{"sourceIndex1":2,"sourceIndex2":0,"mix":0,"luma":0,"alpha":1}},{"colorId":"{{indexedColor_18}}","originalColor":{"r":20,"g":25,"b":57,"a":1},"layerId":"bathymetry","colorType":"fill-color","stopNr":-1,"preserveRGB":false,"preserveAlpha":true,"mapping":{"sourceIndex1":3,"sourceIndex2":0,"mix":0,"luma":0,"alpha":1}},{"colorId":"{{indexedColor_19}}","originalColor":{"r":215,"g":205,"b":201,"a":1},"layerId":"islands","colorType":"fill-color","stopNr":-1,"preserveRGB":false,"preserveAlpha":true,"mapping":{"sourceIndex1":0,"sourceIndex2":0,"mix":0,"luma":0,"alpha":1}}],"indexedLineWidths":[{"lineWidthId":"{{indexedLineWidth_0}}","originalLineWidth":0.5,"layerId":"admin1_bounds","lineWidthType":"line-width","stopNr":0,"mapping":{"mult":1}},{"lineWidthId":"{{indexedLineWidth_1}}","originalLineWidth":1,"layerId":"admin1_bounds","lineWidthType":"line-width","stopNr":1,"mapping":{"mult":1}},{"lineWidthId":"{{indexedLineWidth_2}}","originalLineWidth":2,"layerId":"admin1_bounds","lineWidthType":"line-width","stopNr":2,"mapping":{"mult":1}},{"lineWidthId":"{{indexedLineWidth_3}}","originalLineWidth":0.5,"layerId":"admin0_disputed","lineWidthType":"line-width","stopNr":0,"mapping":{"mult":1}},{"lineWidthId":"{{indexedLineWidth_4}}","originalLineWidth":1.5,"layerId":"admin0_disputed","lineWidthType":"line-width","stopNr":1,"mapping":{"mult":1}},{"lineWidthId":"{{indexedLineWidth_5}}","originalLineWidth":3,"layerId":"admin0_disputed","lineWidthType":"line-width","stopNr":2,"mapping":{"mult":1}},{"lineWidthId":"{{indexedLineWidth_6}}","originalLineWidth":0.5,"layerId":"admin0_bounds","lineWidthType":"line-width","stopNr":0,"mapping":{"mult":1}},{"lineWidthId":"{{indexedLineWidth_7}}","originalLineWidth":1.5,"layerId":"admin0_bounds","lineWidthType":"line-width","stopNr":1,"mapping":{"mult":1}},{"lineWidthId":"{{indexedLineWidth_8}}","originalLineWidth":3,"layerId":"admin0_bounds","lineWidthType":"line-width","stopNr":2,"mapping":{"mult":1}},{"lineWidthId":"{{indexedLineWidth_9}}","originalLineWidth":0.5,"layerId":"riverlines","lineWidthType":"line-width","stopNr":0,"mapping":{"mult":1}},{"lineWidthId":"{{indexedLineWidth_10}}","originalLineWidth":10,"layerId":"riverlines","lineWidthType":"line-width","stopNr":1,"mapping":{"mult":1}},{"lineWidthId":"{{indexedLineWidth_11}}","originalLineWidth":0.075,"layerId":"rail-minor","lineWidthType":"line-width","stopNr":0,"mapping":{"mult":1}},{"lineWidthId":"{{indexedLineWidth_12}}","originalLineWidth":0.75,"layerId":"rail-minor","lineWidthType":"line-width","stopNr":1,"mapping":{"mult":1}},{"lineWidthId":"{{indexedLineWidth_13}}","originalLineWidth":0.2,"layerId":"rail-hatch-minor","lineWidthType":"line-width","stopNr":0,"mapping":{"mult":1}},{"lineWidthId":"{{indexedLineWidth_14}}","originalLineWidth":2,"layerId":"rail-hatch-minor","lineWidthType":"line-width","stopNr":1,"mapping":{"mult":1}},{"lineWidthId":"{{indexedLineWidth_15}}","originalLineWidth":0.1,"layerId":"rail","lineWidthType":"line-width","stopNr":0,"mapping":{"mult":1}},{"lineWidthId":"{{indexedLineWidth_16}}","originalLineWidth":1,"layerId":"rail","lineWidthType":"line-width","stopNr":1,"mapping":{"mult":1}},{"lineWidthId":"{{indexedLineWidth_17}}","originalLineWidth":0.25,"layerId":"rail-hatch","lineWidthType":"line-width","stopNr":0,"mapping":{"mult":1}},{"lineWidthId":"{{indexedLineWidth_18}}","originalLineWidth":2.5,"layerId":"rail-hatch","lineWidthType":"line-width","stopNr":1,"mapping":{"mult":1}},{"lineWidthId":"{{indexedLineWidth_19}}","originalLineWidth":0.1,"layerId":"roads-other","lineWidthType":"line-width","stopNr":0,"mapping":{"mult":1}},{"lineWidthId":"{{indexedLineWidth_20}}","originalLineWidth":1,"layerId":"roads-other","lineWidthType":"line-width","stopNr":1,"mapping":{"mult":1}},{"lineWidthId":"{{indexedLineWidth_21}}","originalLineWidth":0.1,"layerId":"roads-minor","lineWidthType":"line-width","stopNr":0,"mapping":{"mult":1}},{"lineWidthId":"{{indexedLineWidth_22}}","originalLineWidth":1,"layerId":"roads-minor","lineWidthType":"line-width","stopNr":1,"mapping":{"mult":1}},{"lineWidthId":"{{indexedLineWidth_23}}","originalLineWidth":0.2,"layerId":"roads-major","lineWidthType":"line-width","stopNr":0,"mapping":{"mult":1}},{"lineWidthId":"{{indexedLineWidth_24}}","originalLineWidth":2,"layerId":"roads-major","lineWidthType":"line-width","stopNr":1,"mapping":{"mult":1}}],"indexedRasterInterfaces":[],"indexedStyleJsonStr":"{\"id\":\"khx56n9f77piq\",\"layers\":[{\"id\":\"background\",\"paint\":{\"background-color\":\"{{indexedColor_0}}\"},\"layout\":{\"visibility\":\"{bgVis}\"},\"type\":\"background\"},{\"id\":\"ne2\",\"layout\":{\"visibility\":\"{bgVis}\"},\"paint\":{\"raster-opacity\":{\"stops\":[[6,\"{neTextureOpacity}\"],[9,0]]}},\"source\":\"natural_earth_ii_with_shaded_relief\",\"type\":\"raster\"},{\"id\":\"shelves\",\"layout\":{\"visibility\":\"{glvectortilesv9_ice_shelves}\"},\"paint\":{\"fill-color\":\"{{indexedColor_1}}\",\"fill-opacity\":0.3,\"fill-antialias\":true},\"source\":\"glvectortilesv9\",\"source-layer\":\"ice_shelves\",\"type\":\"fill\"},{\"id\":\"glacier\",\"layout\":{\"visibility\":\"{glvectortilesv9_glacier}\"},\"paint\":{\"fill-color\":\"{{indexedColor_2}}\",\"fill-opacity\":0.3,\"fill-antialias\":true},\"source\":\"glvectortilesv9\",\"source-layer\":\"glacier\",\"type\":\"fill\"},{\"id\":\"playas\",\"paint\":{\"fill-color\":\"{{indexedColor_3}}\",\"fill-opacity\":0.3,\"fill-antialias\":true},\"source\":\"glvectortilesv9\",\"source-layer\":\"playas\",\"type\":\"fill\",\"layout\":{\"visibility\":\"{glvectortilesv9_playas}\"}},{\"id\":\"urban\",\"minzoom\":0,\"paint\":{\"fill-color\":\"{{indexedColor_4}}\",\"fill-opacity\":0.2,\"fill-antialias\":true},\"source\":\"glvectortilesv9\",\"source-layer\":\"urban\",\"type\":\"fill\",\"layout\":{\"visibility\":\"{glvectortilesv9_urban}\"}},{\"id\":\"admin1_bounds\",\"layout\":{\"visibility\":\"{glvectortilesv9_admin1}\"},\"minzoom\":0,\"paint\":{\"line-color\":\"{{indexedColor_5}}\",\"line-dasharray\":[4,2],\"line-width\":{\"stops\":[[4,\"{{indexedLineWidth_0}}\"],[6,\"{{indexedLineWidth_1}}\"],[14,\"{{indexedLineWidth_2}}\"]]}},\"source\":\"glvectortilesv9\",\"source-layer\":\"admin1\",\"type\":\"line\"},{\"id\":\"admin0_disputed\",\"minzoom\":0,\"paint\":{\"line-color\":\"{{indexedColor_6}}\",\"line-dasharray\":[1,1],\"line-width\":{\"stops\":[[2,\"{{indexedLineWidth_3}}\"],[4,\"{{indexedLineWidth_4}}\"],[12,\"{{indexedLineWidth_5}}\"]]}},\"source\":\"glvectortilesv9\",\"source-layer\":\"admin0_disputed\",\"type\":\"line\",\"layout\":{\"visibility\":\"{glvectortilesv9_admin0_disputed}\"}},{\"id\":\"admin0_bounds\",\"layout\":{\"visibility\":\"{glvectortilesv9_admin0_land}\"},\"minzoom\":0,\"paint\":{\"line-color\":\"{{indexedColor_7}}\",\"line-width\":{\"stops\":[[2,\"{{indexedLineWidth_6}}\"],[4,\"{{indexedLineWidth_7}}\"],[12,\"{{indexedLineWidth_8}}\"]]}},\"source\":\"glvectortilesv9\",\"source-layer\":\"admin0_land\",\"type\":\"line\"},{\"id\":\"lakes\",\"minzoom\":0,\"paint\":{\"fill-antialias\":true,\"fill-color\":\"{{indexedColor_8}}\"},\"source\":\"glvectortilesv9\",\"source-layer\":\"lakes\",\"type\":\"fill\",\"layout\":{\"visibility\":\"{glvectortilesv9_lakes}\"}},{\"id\":\"riverlines\",\"layout\":{\"line-cap\":\"round\",\"line-join\":\"round\",\"visibility\":\"{glvectortilesv9_rivers}\"},\"minzoom\":0,\"paint\":{\"line-color\":\"{{indexedColor_9}}\",\"line-width\":{\"stops\":[[4,\"{{indexedLineWidth_9}}\"],[12,\"{{indexedLineWidth_10}}\"]]}},\"source\":\"glvectortilesv9\",\"source-layer\":\"rivers\",\"type\":\"line\"},{\"filter\":[\"all\",[\">=\",\"scalerank\",8]],\"id\":\"rail-minor\",\"minzoom\":7,\"paint\":{\"line-color\":\"{{indexedColor_10}}\",\"line-gap-width\":0,\"line-width\":{\"stops\":[[5,\"{{indexedLineWidth_11}}\"],[7,\"{{indexedLineWidth_12}}\"]]}},\"source\":\"glvectortilesv9\",\"source-layer\":\"rail\",\"type\":\"line\",\"layout\":{\"visibility\":\"{glvectortilesv9_rail}\"}},{\"filter\":[\"all\",[\">=\",\"scalerank\",8]],\"id\":\"rail-hatch-minor\",\"minzoom\":7,\"paint\":{\"line-color\":\"{{indexedColor_11}}\",\"line-dasharray\":[0.4,1],\"line-gap-width\":0,\"line-width\":{\"stops\":[[5,\"{{indexedLineWidth_13}}\"],[7,\"{{indexedLineWidth_14}}\"]]}},\"source\":\"glvectortilesv9\",\"source-layer\":\"rail\",\"type\":\"line\",\"layout\":{\"visibility\":\"{glvectortilesv9_rail_hatch}\"}},{\"filter\":[\"all\",[\"<\",\"scalerank\",8]],\"id\":\"rail\",\"minzoom\":0,\"paint\":{\"line-color\":\"{{indexedColor_12}}\",\"line-gap-width\":0,\"line-width\":{\"stops\":[[4,\"{{indexedLineWidth_15}}\"],[6,\"{{indexedLineWidth_16}}\"]]}},\"source\":\"glvectortilesv9\",\"source-layer\":\"rail\",\"type\":\"line\",\"layout\":{\"visibility\":\"{glvectortilesv9_rail}\"}},{\"filter\":[\"all\",[\"<\",\"scalerank\",8]],\"id\":\"rail-hatch\",\"minzoom\":0,\"paint\":{\"line-color\":\"{{indexedColor_13}}\",\"line-dasharray\":[0.4,1],\"line-gap-width\":0,\"line-width\":{\"stops\":[[4,\"{{indexedLineWidth_17}}\"],[6,\"{{indexedLineWidth_18}}\"]]}},\"source\":\"glvectortilesv9\",\"source-layer\":\"rail\",\"type\":\"line\",\"layout\":{\"visibility\":\"{glvectortilesv9_rail_hatch}\"}},{\"filter\":[\"all\",[\"!=\",\"featurecla\",\"Ferry\"]],\"id\":\"roads-other\",\"minzoom\":0,\"paint\":{\"line-color\":\"{{indexedColor_14}}\",\"line-width\":{\"stops\":[[3,\"{{indexedLineWidth_19}}\"],[6,\"{{indexedLineWidth_20}}\"]]}},\"source\":\"glvectortilesv9\",\"source-layer\":\"roads\",\"type\":\"line\",\"layout\":{\"visibility\":\"{glvectortilesv9_roads}\"}},{\"filter\":[\"all\",[\"!=\",\"featurecla\",\"Ferry\"],[\"in\",\"type\",\"Secondary Highway\"]],\"id\":\"roads-minor\",\"minzoom\":0,\"paint\":{\"line-color\":\"{{indexedColor_15}}\",\"line-width\":{\"stops\":[[3,\"{{indexedLineWidth_21}}\"],[6,\"{{indexedLineWidth_22}}\"]]}},\"source\":\"glvectortilesv9\",\"source-layer\":\"roads\",\"type\":\"line\",\"layout\":{\"visibility\":\"{glvectortilesv9_roads}\"}},{\"filter\":[\"all\",[\"!=\",\"featurecla\",\"Ferry\"],[\"in\",\"type\",\"Major Highway\"]],\"id\":\"roads-major\",\"minzoom\":0,\"paint\":{\"line-color\":\"{{indexedColor_16}}\",\"line-width\":{\"stops\":[[3,\"{{indexedLineWidth_23}}\"],[6,\"{{indexedLineWidth_24}}\"]]}},\"source\":\"glvectortilesv9\",\"source-layer\":\"roads\",\"type\":\"line\",\"layout\":{\"visibility\":\"{glvectortilesv9_roads}\"}},{\"filter\":[\"all\"],\"id\":\"ocean\",\"layout\":{\"visibility\":\"{glvectortilesv9_ocean}\"},\"paint\":{\"fill-antialias\":true,\"fill-color\":\"{{indexedColor_17}}\",\"fill-opacity\":1},\"source\":\"glvectortilesv9\",\"source-layer\":\"ocean\",\"type\":\"fill\"},{\"filter\":[\"all\"],\"id\":\"bathymetry\",\"layout\":{\"visibility\":\"{glvectortilesv9_bathymetry}\"},\"paint\":{\"fill-antialias\":true,\"fill-color\":\"{{indexedColor_18}}\",\"fill-opacity\":0.1},\"source\":\"glvectortilesv9\",\"source-layer\":\"bathymetry\",\"type\":\"fill\"},{\"id\":\"islands\",\"layout\":{\"visibility\":\"{glvectortilesv9_minor_islands}\"},\"paint\":{\"fill-color\":\"{{indexedColor_19}}\",\"fill-antialias\":true},\"source\":\"glvectortilesv9\",\"source-layer\":\"minor_islands\",\"type\":\"fill\"}],\"name\":\"GEOlayers 3 Interface Style\",\"sources\":{\"glvectortilesv9\":{\"type\":\"vector\",\"url\":\"{neVectorV2TileJson}\"},\"natural_earth_ii_with_shaded_relief\":{\"tileSize\":256,\"maxzoom\":6,\"type\":\"raster\",\"tiles\":[\"{neIIHillshadesTiles}\"]}},\"version\":8}","name":"Natural Earth","id":"neCo2-kisxobkmlvp8o","type":"vector","fileFormat":"png","attributionInfoText1":"neText1","attributionInfoText2":"neText2","providerAttribution":"Natural Earth","indexedVarGroups":[{"name":"Contents","id":1}],"indexedVars":[{"name":"Land Texture","type":"number","min":0,"max":1,"step":0.1,"options":"","value":1,"indexedId":"neTextureOpacity","groupId":0},{"name":"Admin","type":"show","value":true,"indexedId":"glvectortilesv9_admin0_land","groupId":1},{"name":"Admin disputed","type":"show","value":true,"indexedId":"glvectortilesv9_admin0_disputed","groupId":1},{"name":"Admin Sub","type":"show","value":true,"indexedId":"glvectortilesv9_admin1","groupId":1},{"name":"Rivers","type":"show","value":true,"indexedId":"glvectortilesv9_rivers","groupId":1},{"name":"Lakes","type":"show","value":true,"indexedId":"glvectortilesv9_lakes","groupId":1},{"name":"Ocean","type":"show","value":true,"indexedId":"glvectortilesv9_ocean","groupId":1},{"name":"Bathymetry","type":"show","value":true,"indexedId":"glvectortilesv9_bathymetry","groupId":1},{"name":"Roads","type":"show","value":true,"indexedId":"glvectortilesv9_roads","groupId":1},{"name":"Railroads","type":"show","value":true,"indexedId":"glvectortilesv9_rail","groupId":1},{"name":"Railroad Hatching","type":"show","value":true,"indexedId":"glvectortilesv9_rail_hatch","groupId":1},{"name":"Urban Areas","type":"show","value":true,"indexedId":"glvectortilesv9_urban","groupId":1},{"name":"Small Islands","type":"show","value":true,"indexedId":"glvectortilesv9_minor_islands","groupId":1},{"name":"Playas","type":"show","value":true,"indexedId":"glvectortilesv9_playas","groupId":1},{"name":"Glacier","type":"show","value":true,"indexedId":"glvectortilesv9_glacier","groupId":1},{"name":"Ice Shelves","type":"show","value":true,"indexedId":"glvectortilesv9_ice_shelves","groupId":1},{"name":"Background","type":"show","value":true,"indexedId":"bgVis","groupId":1}],"maxZoom":10,"baseColorPresets":[["#b9c8af","#787878","#0f96be","#283c6c","#ff8000","#800040"]]}