{"GL3requiredVersion":"1.1.9","GL3jsonType":"styleInterface","requiredStyleSourceVars":["neVectorV2TileJson"],"labelInterfaceHint":2,"baseColors":[{"name":"Country","color":{"r":0,"g":0,"b":0,"a":1}},{"name":"States and Provinces","color":{"r":0,"g":0,"b":0,"a":1}},{"name":"Disputed","color":{"r":0,"g":0,"b":0,"a":1}},{"name":"Coastline","color":{"r":0,"g":0,"b":0,"a":1}}],"lineWidthMult":1,"indexedColors":[{"colorId":"{{indexedColor_5}}","originalColor":{"r":133,"g":133,"b":133,"a":1},"layerId":"admin1_bounds","colorType":"line-color","stopNr":-1,"preserveRGB":false,"preserveAlpha":true,"mapping":{"sourceIndex1":1,"sourceIndex2":0,"mix":0,"luma":0,"alpha":1}},{"colorId":"{{indexedColor_6}}","originalColor":{"r":133,"g":133,"b":133,"a":1},"layerId":"admin0_disputed","colorType":"line-color","stopNr":-1,"preserveRGB":false,"preserveAlpha":true,"mapping":{"sourceIndex1":2,"sourceIndex2":0,"mix":0,"luma":0,"alpha":1}},{"colorId":"{{indexedColor_7}}","originalColor":{"r":133,"g":133,"b":133,"a":1},"layerId":"admin0_bounds","colorType":"line-color","stopNr":-1,"preserveRGB":false,"preserveAlpha":true,"mapping":{"sourceIndex1":0,"sourceIndex2":0,"mix":0,"luma":0,"alpha":1}},{"colorId":"{{indexedColor_8}}","originalColor":{"r":133,"g":133,"b":133,"a":1},"layerId":"coastline","colorType":"line-color","stopNr":-1,"preserveRGB":false,"preserveAlpha":true,"mapping":{"sourceIndex1":3,"sourceIndex2":0,"mix":0,"luma":0,"alpha":1}},{"colorId":"{{indexedColor_9}}","originalColor":{"r":133,"g":133,"b":133,"a":1},"layerId":"minor_islands_coastline","colorType":"line-color","stopNr":-1,"preserveRGB":false,"preserveAlpha":true,"mapping":{"sourceIndex1":3,"sourceIndex2":0,"mix":0,"luma":0,"alpha":1}}],"indexedLineWidths":[{"lineWidthId":"{{indexedLineWidth_0}}","originalLineWidth":0.5,"layerId":"admin1_bounds","lineWidthType":"line-width","stopNr":0,"mapping":{"mult":1}},{"lineWidthId":"{{indexedLineWidth_1}}","originalLineWidth":1,"layerId":"admin1_bounds","lineWidthType":"line-width","stopNr":1,"mapping":{"mult":1}},{"lineWidthId":"{{indexedLineWidth_2}}","originalLineWidth":2,"layerId":"admin1_bounds","lineWidthType":"line-width","stopNr":2,"mapping":{"mult":1}},{"lineWidthId":"{{indexedLineWidth_3}}","originalLineWidth":0.5,"layerId":"admin0_disputed","lineWidthType":"line-width","stopNr":0,"mapping":{"mult":1}},{"lineWidthId":"{{indexedLineWidth_4}}","originalLineWidth":1.5,"layerId":"admin0_disputed","lineWidthType":"line-width","stopNr":1,"mapping":{"mult":1}},{"lineWidthId":"{{indexedLineWidth_5}}","originalLineWidth":3,"layerId":"admin0_disputed","lineWidthType":"line-width","stopNr":2,"mapping":{"mult":1}},{"lineWidthId":"{{indexedLineWidth_6}}","originalLineWidth":0.5,"layerId":"admin0_bounds","lineWidthType":"line-width","stopNr":0,"mapping":{"mult":1}},{"lineWidthId":"{{indexedLineWidth_7}}","originalLineWidth":1.5,"layerId":"admin0_bounds","lineWidthType":"line-width","stopNr":1,"mapping":{"mult":1}},{"lineWidthId":"{{indexedLineWidth_8}}","originalLineWidth":3,"layerId":"admin0_bounds","lineWidthType":"line-width","stopNr":2,"mapping":{"mult":1}}],"indexedRasterInterfaces":[],"indexedStyleJsonStr":"{\"id\":\"khx56n9f77pib\",\"layers\":[{\"id\":\"admin1_bounds\",\"layout\":{\"visibility\":\"{glvectortilesv9_admin1}\"},\"minzoom\":0,\"paint\":{\"line-color\":\"{{indexedColor_5}}\",\"line-width\":{\"stops\":[[4,\"{{indexedLineWidth_0}}\"],[6,\"{{indexedLineWidth_1}}\"],[14,\"{{indexedLineWidth_2}}\"]]}},\"source\":\"glvectortiles\",\"source-layer\":\"admin1\",\"type\":\"line\"},{\"id\":\"admin0_disputed\",\"minzoom\":0,\"paint\":{\"line-color\":\"{{indexedColor_6}}\",\"line-width\":{\"stops\":[[2,\"{{indexedLineWidth_3}}\"],[4,\"{{indexedLineWidth_4}}\"],[12,\"{{indexedLineWidth_5}}\"]]}},\"source\":\"glvectortiles\",\"source-layer\":\"admin0_disputed\",\"type\":\"line\",\"layout\":{\"visibility\":\"{glvectortilesv9_admin0_disputed}\"}},{\"id\":\"admin0_bounds\",\"layout\":{\"visibility\":\"{glvectortilesv9_admin0_land}\"},\"minzoom\":0,\"paint\":{\"line-color\":\"{{indexedColor_7}}\",\"line-width\":{\"stops\":[[2,\"{{indexedLineWidth_6}}\"],[4,\"{{indexedLineWidth_7}}\"],[12,\"{{indexedLineWidth_8}}\"]]}},\"source\":\"glvectortiles\",\"source-layer\":\"admin0_land\",\"type\":\"line\"},{\"id\":\"coastline\",\"layout\":{\"visibility\":\"{glvectortilesv9_coastline}\"},\"minzoom\":0,\"paint\":{\"line-color\":\"{{indexedColor_8}}\",\"line-width\":{\"stops\":[[2,\"{{indexedLineWidth_6}}\"],[4,\"{{indexedLineWidth_7}}\"],[12,\"{{indexedLineWidth_8}}\"]]}},\"source\":\"glvectortiles\",\"source-layer\":\"coastline\",\"type\":\"line\"},{\"id\":\"minor_islands_coastline\",\"layout\":{\"visibility\":\"{glvectortilesv9_minor_islands_coastline}\"},\"minzoom\":0,\"paint\":{\"line-color\":\"{{indexedColor_9}}\",\"line-width\":{\"stops\":[[2,\"{{indexedLineWidth_6}}\"],[4,\"{{indexedLineWidth_7}}\"],[12,\"{{indexedLineWidth_8}}\"]]}},\"source\":\"glvectortiles\",\"source-layer\":\"minor_islands_coastline\",\"type\":\"line\"}],\"name\":\"GEOlayers 3 Interface Style\",\"sources\":{\"glvectortiles\":{\"type\":\"vector\",\"url\":\"{neVectorV2TileJson}\"}},\"version\":8}","name":"Admin Boundaries (Natural Earth)","id":"neBounds-kia0a6x3clp8k","type":"vector","fileFormat":"png","attributionInfoText1":"neText1","attributionInfoText2":"neText2","providerAttribution":"Natural Earth","indexedVarGroups":[{"name":"Contents","id":2}],"indexedVars":[{"name":"Countries","type":"show","value":true,"indexedId":"glvectortilesv9_admin0_land","groupId":2},{"name":"States and Provinces","type":"show","value":true,"indexedId":"glvectortilesv9_admin1","groupId":2},{"name":"Disputed","type":"show","value":true,"indexedId":"glvectortilesv9_admin0_disputed","groupId":2},{"name":"Coastline","type":"show","value":false,"indexedId":"glvectortilesv9_coastline","groupId":2},{"name":"Small Islands Coastline","type":"show","value":false,"indexedId":"glvectortilesv9_minor_islands_coastline","groupId":2}],"maxZoom":10,"baseColorPresets":[["#000000","#000000","#000000","#000000"],["#ffffff","#ffffff","#ffffff","#ffffff"],["#ffffff","#aaaaaa","#555555","#000000"],["#000000","#555555","#aaaaaa","#ffffff"]]}