{"GL3jsonType":"styleInterface","tou":"https://github.com/CartoDB/basemap-styles","baseColors":[],"lineWidthMult":1,"indexedColors":[],"indexedLineWidths":[],"indexedRasterInterfaces":[],"indexedStyleJsonStr":"{\"version\":8,\"name\":\"GEOlayers 3 Interface Style\",\"sources\":{\"rastersource1\":{\"type\":\"raster\",\"tiles\":[\"{sourceUrl}\"],\"maxzoom\":\"{maxzoom}\",\"tileSize\":\"{tileSize}\"}},\"layers\":[{\"id\":\"raster1\",\"type\":\"raster\",\"source\":\"rastersource1\",\"minzoom\":0,\"maxzoom\":21,\"raster-fade-duration\":0,\"raster-resampling\":\"nearest\"}],\"id\":\"stamen\"}","name":"CartoDB","id":"cdb1","type":"raster","fileFormat":"png","providerAttribution":"© OpenStreetMap contributers © CARTO","editProviderAttribution":false,"indexedVars":[{"name":"Style","type":"string","options":"Positron,Positron No Labels,Dark Matter,Dark Matter No Labels,Voyager,Voyager No Labels","value":"Positron","indexedId":"styleName","groupId":0,"prominent":true},{"type":"eval","evalStr":"{styleName}==\"Positron\"?\"https://a.basemaps.cartocdn.com/light_all/{z}/{x}/{y}@2x.png\": {styleName}==\"Positron No Labels\"?\"https://a.basemaps.cartocdn.com/light_nolabels/{z}/{x}/{y}@2x.png\": {styleName}==\"Dark Matter\"?\"https://a.basemaps.cartocdn.com/dark_all/{z}/{x}/{y}@2x.png\": {styleName}==\"Dark Matter No Labels\"?\"https://a.basemaps.cartocdn.com/dark_nolabels/{z}/{x}/{y}@2x.png\": {styleName}==\"Voyager\"?\"https://a.basemaps.cartocdn.com/rastertiles/voyager/{z}/{x}/{y}@2x.png\": \"https://a.basemaps.cartocdn.com/rastertiles/voyager_nolabels/{z}/{x}/{y}@2x.png\"","indexedId":"sourceUrl"},{"type":"eval","evalStr":"19","indexedId":"maxzoom"},{"type":"eval","evalStr":"512/{devicePixelRatio}","indexedId":"tileSize"}],"maxZoom":18}
