{"GL3jsonType":"styleInterface","tou":"http://www.arcgis.com/home/termsofuse.html","baseColors":[],"lineWidthMult":1,"indexedColors":[],"indexedLineWidths":[],"indexedRasterInterfaces":[],"indexedStyleJsonStr":"{\"version\":8,\"name\":\"GEOlayers 3 Interface Style\",\"sources\":{\"rastersource1\":{\"type\":\"raster\",\"tiles\":[\"{sourceUrl}\"],\"maxzoom\":\"{maxzoom}\",\"tileSize\":\"{tileSize}\"}},\"layers\":[{\"id\":\"raster1\",\"type\":\"raster\",\"source\":\"rastersource1\",\"minzoom\":0,\"maxzoom\":21,\"raster-fade-duration\":0,\"raster-resampling\":\"nearest\"}],\"id\":\"esri\"}","name":"ESRI","id":"esri","type":"raster","fileFormat":"png","providerAttribution":"{attribution}","editProviderAttribution":false,"indexedVars":[{"name":"Style","type":"string","options":"World Street Map,World Topo Map,World Imagery,World Terrain,World Shaded Relief,World Physical,Ocean Basemap,National Geographic,Grey Canvas","value":"World Street Map","indexedId":"styleName","groupId":0,"prominent":true},{"type":"eval","evalStr":"{styleName}==\"World Street Map\"?\"http://server.arcgisonline.com/ArcGIS/rest/services/World_Street_Map/MapServer/tile/{z}/{y}/{x}\": {styleName}==\"World Topo Map\"?\"http://server.arcgisonline.com/ArcGIS/rest/services/World_Topo_Map/MapServer/tile/{z}/{y}/{x}\": {styleName}==\"World Imagery\"?\"http://server.arcgisonline.com/ArcGIS/rest/services/World_Imagery/MapServer/tile/{z}/{y}/{x}\": {styleName}==\"World Terrain\"?\"http://server.arcgisonline.com/ArcGIS/rest/services/World_Terrain_Base/MapServer/tile/{z}/{y}/{x}\": {styleName}==\"World Shaded Relief\"?\"http://server.arcgisonline.com/ArcGIS/rest/services/World_Shaded_Relief/MapServer/tile/{z}/{y}/{x}\": {styleName}==\"World Physical\"?\"http://server.arcgisonline.com/ArcGIS/rest/services/World_Physical_Map/MapServer/tile/{z}/{y}/{x}\": {styleName}==\"Ocean Basemap\"?\"http://server.arcgisonline.com/ArcGIS/rest/services/Ocean_Basemap/MapServer/tile/{z}/{y}/{x}\": {styleName}==\"National Geographic\"?\"http://server.arcgisonline.com/ArcGIS/rest/services/NatGeo_World_Map/MapServer/tile/{z}/{y}/{x}\": \"http://server.arcgisonline.com/ArcGIS/rest/services/Canvas/World_Light_Gray_Base/MapServer/tile/{z}/{y}/{x}\"","indexedId":"sourceUrl"},{"type":"eval","evalStr":"{styleName}==\"World Street Map\"?20: {styleName}==\"World Topo Map\"?20: {styleName}==\"World Imagery\"?20: {styleName}==\"World Terrain\"?13: {styleName}==\"World Shaded Relief\"?13: {styleName}==\"World Physical\"?8: {styleName}==\"Ocean Basemap\"?13: {styleName}==\"National Geographic\"?16: 16","indexedId":"maxzoom"},{"type":"eval","evalStr":"256/{devicePixelRatio}","indexedId":"tileSize"},{"type":"eval","evalStr":"{styleName}==\"World Street Map\"?\"Tiles ©; Esri; Source: Esri, DeLorme, NAVTEQ, USGS, Intermap, iPC, NRCAN, Esri Japan, METI, Esri China (Hong Kong), Esri (Thailand), TomTom, 2012\": {styleName}==\"World Topo Map\"?\"Tiles ©; Esri; Esri, DeLorme, NAVTEQ, TomTom, Intermap, iPC, USGS, FAO, NPS, NRCAN, GeoBase, Kadaster NL, Ordnance Survey, Esri Japan, METI, Esri China (Hong Kong), and the GIS User Community\": {styleName}==\"World Imagery\"?\"Tiles ©; Esri; Source: Esri, i-cubed, USDA, USGS, AEX, GeoEye, Getmapping, Aerogrid, IGN, IGP, UPR-EGP, and the GIS User Community\": {styleName}==\"World Terrain\"?\"Tiles ©; Esri; Source: USGS, Esri, TANA, DeLorme, and NPS\": {styleName}==\"World Shaded Relief\"?\"Tiles ©; Esri; Source: Esri\": {styleName}==\"World Physical\"?\"Tiles ©; Esri; Source: US National Park Service\": {styleName}==\"Ocean Basemap\"?\"Tiles ©; Esri; Sources: GEBCO, NOAA, CHS, OSU, UNH, CSUMB, National Geographic, DeLorme, NAVTEQ, and Esri\": {styleName}==\"National Geographic\"?\"Tiles ©; Esri; National Geographic, Esri, DeLorme, NAVTEQ, UNEP-WCMC, USGS, NASA, ESA, METI, NRCAN, GEBCO, NOAA, iPC\": \"Tiles ©; Esri; Esri, DeLorme, NAVTEQ\"","indexedId":"attribution"}],"maxZoom":20}
