{"GL3jsonType":"styleInterface","tou":"http://maps.stamen.com/","baseColors":[],"lineWidthMult":1,"indexedColors":[],"indexedLineWidths":[],"indexedRasterInterfaces":[],"indexedStyleJsonStr":"{\"version\":8,\"name\":\"GEOlayers 3 Interface Style\",\"sources\":{\"rastersource1\":{\"type\":\"raster\",\"tiles\":[\"{sourceUrl}\"],\"maxzoom\":\"{maxzoom}\",\"tileSize\":\"{tileSize}\"}},\"layers\":[{\"id\":\"raster1\",\"type\":\"raster\",\"source\":\"rastersource1\",\"minzoom\":0,\"maxzoom\":21,\"raster-fade-duration\":0,\"raster-resampling\":\"nearest\"}],\"id\":\"stamen\"}","name":"Stamen Design","id":"sta1","type":"raster","fileFormat":"png","providerAttribution":"Map tiles by Stamen Design, CC BY 3.0 - Map data © OpenStreetMap","editProviderAttribution":false,"indexedVars":[{"name":"Style","type":"string","options":"Toner,Toner Background,Toner Lite,Terrain,Terrain Background,Watercolor","value":"Toner","indexedId":"styleName","groupId":0,"prominent":true},{"type":"eval","evalStr":"{styleName}==\"Toner\"?\"https://stamen-tiles-a.a.ssl.fastly.net/toner/{z}/{x}/{y}@2x.png\": {styleName}==\"Toner Background\"?\"https://stamen-tiles-a.a.ssl.fastly.net/toner-background/{z}/{x}/{y}@2x.png\": {styleName}==\"Toner Lite\"?\"https://stamen-tiles-a.a.ssl.fastly.net/toner-lite/{z}/{x}/{y}@2x.png\": {styleName}==\"Terrain\"?\"https://stamen-tiles-a.a.ssl.fastly.net/terrain/{z}/{x}/{y}@2x.png\": {styleName}==\"Terrain Background\"?\"https://stamen-tiles-a.a.ssl.fastly.net/terrain-background/{z}/{x}/{y}@2x.png\": \"https://stamen-tiles-a.a.ssl.fastly.net/watercolor/{z}/{x}/{y}.jpg\"","indexedId":"sourceUrl"},{"type":"eval","evalStr":"{styleName}==\"Watercolor\"?16:20","indexedId":"maxzoom"},{"type":"eval","evalStr":"{styleName}==\"Watercolor\"?256/{devicePixelRatio}:512/{devicePixelRatio}","indexedId":"tileSize"}]}
