{"GL3jsonType":"styleInterface","tou":"https://github.com/tilezen/joerd/blob/master/docs/attribution.md","samplingDraft":false,"baseColors":[],"lineWidthMult":1,"indexedColors":[],"indexedLineWidths":[],"indexedRasterInterfaces":[],"indexedStyleJsonStr":"{\"version\":8,\"name\":\"GEOlayers 3 Interface Style\",\"sources\":{\"rastersource1\":{\"type\":\"raster\",\"tiles\":[\"{sourceUrl}\"],\"maxzoom\":\"{maxzoom}\",\"tileSize\":\"{tileSize}\"}},\"layers\":[{\"id\":\"raster1\",\"type\":\"raster\",\"source\":\"rastersource1\",\"minzoom\":0,\"maxzoom\":21,\"raster-fade-duration\":0,\"raster-resampling\":\"nearest\"}],\"id\":\"mapzenterrain\"}","name":"Mapzen Terrain","id":"matrs3","type":"raster","fileFormat":"png","providerAttribution":"Mapzen","editProviderAttribution":false,"indexedVars":[{"name":"Style","type":"string","options":"Terrarium,Normals","value":"Normals","indexedId":"styleName","groupId":0,"prominent":true},{"type":"eval","evalStr":"{styleName}==\"Normals\"?\"https://s3.amazonaws.com/elevation-tiles-prod/normal/{z}/{x}/{y}.png\": \"https://s3.amazonaws.com/elevation-tiles-prod/terrarium/{z}/{x}/{y}.png\"","indexedId":"sourceUrl"},{"type":"eval","evalStr":"16","indexedId":"maxzoom"},{"type":"eval","evalStr":"256/{devicePixelRatio}","indexedId":"tileSize"}],"maxZoom":15}
