{"GL3jsonType":"styleInterface","requiredStyleSourceVars":["omtHillshadesTileJson"],"baseColors":[{"name":"land","color":{"r":0,"g":0,"b":0,"a":1}},{"name":"water","color":{"r":255,"g":255,"b":255,"a":1}}],"lineWidthMult":1,"indexedColors":[{"colorId":"{{indexedColor_0}}","originalColor":{"r":232,"g":229,"b":216,"a":1},"layerId":"background","colorType":"background-color","stopNr":-1,"preserveRGB":false,"preserveAlpha":true,"mapping":{"sourceIndex1":0,"sourceIndex2":0,"mix":0,"luma":0,"alpha":1}},{"colorId":"{{indexedColor_1}}","originalColor":{"r":148,"g":193,"b":225,"a":1},"layerId":"water_ocean","colorType":"fill-color","stopNr":-1,"preserveRGB":false,"preserveAlpha":false,"mapping":{"sourceIndex1":1,"sourceIndex2":0,"mix":0,"luma":0,"alpha":1}},{"colorId":"{{indexedColor_8}}","originalColor":{"r":148,"g":193,"b":225,"a":1},"layerId":"water_lakes","colorType":"fill-color","stopNr":-1,"preserveRGB":false,"preserveAlpha":false,"mapping":{"sourceIndex1":1,"sourceIndex2":0,"mix":0,"luma":0,"alpha":1}},{"colorId":"{{indexedColor_9}}","originalColor":{"r":148,"g":193,"b":225,"a":1},"layerId":"water_river_bodies","colorType":"fill-color","stopNr":-1,"preserveRGB":false,"preserveAlpha":false,"mapping":{"sourceIndex1":1,"sourceIndex2":0,"mix":0,"luma":0,"alpha":1}},{"colorId":"{{indexedColor_2}}","originalColor":{"r":148,"g":193,"b":225,"a":1},"layerId":"waterway","colorType":"line-color","stopNr":-1,"preserveRGB":false,"preserveAlpha":false,"mapping":{"sourceIndex1":1,"sourceIndex2":0,"mix":0,"luma":0,"alpha":1}},{"colorId":"{{indexedColor_3}}","originalColor":{"r":232,"g":229,"b":216,"a":1},"layerId":"road_bridge_area","colorType":"fill-color","stopNr":-1,"preserveRGB":false,"preserveAlpha":false,"mapping":{"sourceIndex1":0,"sourceIndex2":0,"mix":0,"luma":0,"alpha":1}},{"colorId":"{{indexedColor_4}}","originalColor":{"r":148,"g":193,"b":225,"a":1},"layerId":"waterway-bridge","colorType":"line-color","stopNr":-1,"preserveRGB":false,"preserveAlpha":false,"mapping":{"sourceIndex1":1,"sourceIndex2":0,"mix":0,"luma":0,"alpha":1}},{"colorId":"{{indexedColor_5}}","originalColor":{"r":222,"g":222,"b":222,"a":1},"layerId":"bridge_minor case","colorType":"line-color","stopNr":-1,"preserveRGB":false,"preserveAlpha":false,"mapping":{"sourceIndex1":0,"sourceIndex2":0,"mix":0,"luma":0,"alpha":1}},{"colorId":"{{indexedColor_6}}","originalColor":{"r":222,"g":222,"b":222,"a":1},"layerId":"bridge_major case","colorType":"line-color","stopNr":-1,"preserveRGB":false,"preserveAlpha":false,"mapping":{"sourceIndex1":0,"sourceIndex2":0,"mix":0,"luma":0,"alpha":1}}],"indexedLineWidths":[{"lineWidthId":"{{indexedLineWidth_0}}","originalLineWidth":1,"layerId":"waterway","lineWidthType":"line-width","stopNr":0,"mapping":{"mult":1}},{"lineWidthId":"{{indexedLineWidth_1}}","originalLineWidth":8,"layerId":"waterway","lineWidthType":"line-width","stopNr":1,"mapping":{"mult":1}},{"lineWidthId":"{{indexedLineWidth_2}}","originalLineWidth":0.25,"layerId":"waterway-bridge","lineWidthType":"line-width","stopNr":0,"mapping":{"mult":1}},{"lineWidthId":"{{indexedLineWidth_3}}","originalLineWidth":30,"layerId":"waterway-bridge","lineWidthType":"line-width","stopNr":1,"mapping":{"mult":1}},{"lineWidthId":"{{indexedLineWidth_4}}","originalLineWidth":0.5,"layerId":"bridge_minor case","lineWidthType":"line-width","stopNr":0,"mapping":{"mult":1}},{"lineWidthId":"{{indexedLineWidth_5}}","originalLineWidth":10,"layerId":"bridge_minor case","lineWidthType":"line-width","stopNr":1,"mapping":{"mult":1}},{"lineWidthId":"{{indexedLineWidth_6}}","originalLineWidth":0.5,"layerId":"bridge_major case","lineWidthType":"line-width","stopNr":0,"mapping":{"mult":1}},{"lineWidthId":"{{indexedLineWidth_7}}","originalLineWidth":10,"layerId":"bridge_major case","lineWidthType":"line-width","stopNr":1,"mapping":{"mult":1}}],"indexedRasterInterfaces":[],"indexedStyleJsonStr":"{\"version\":8,\"name\":\"GEOlayers 3 Interface Style\",\"sources\":{\"openmaptiles\":{\"type\":\"vector\",\"url\":\"{omtVectorV3TileJson}\"}},\"layers\":[{\"id\":\"background\",\"type\":\"background\",\"paint\":{\"background-color\":\"{{indexedColor_0}}\"}},{\"id\":\"ocean\",\"type\":\"fill\",\"source\":\"openmaptiles\",\"source-layer\":\"water\",\"filter\":[\"all\",[\"==\",\"$type\",\"Polygon\"],[\"==\",\"class\",\"ocean\"]],\"layout\":{\"visibility\":\"{oceanVisibility}\"},\"paint\":{\"fill-color\":\"{{indexedColor_1}}\",\"fill-antialias\":true}},{\"id\":\"lakes\",\"type\":\"fill\",\"source\":\"openmaptiles\",\"source-layer\":\"water\",\"filter\":[\"all\",[\"==\",\"$type\",\"Polygon\"],[\"==\",\"class\",\"lake\"]],\"layout\":{\"visibility\":\"{lakeVisibility}\"},\"paint\":{\"fill-color\":\"{{indexedColor_8}}\",\"fill-antialias\":true}},{\"id\":\"riverbodies\",\"type\":\"fill\",\"source\":\"openmaptiles\",\"source-layer\":\"water\",\"filter\":[\"all\",[\"==\",\"$type\",\"Polygon\"],[\"==\",\"class\",\"river\"]],\"layout\":{\"visibility\":\"{riverVisibility}\"},\"paint\":{\"fill-color\":\"{{indexedColor_9}}\",\"fill-antialias\":true}},{\"id\":\"waterway\",\"type\":\"line\",\"source\":\"openmaptiles\",\"source-layer\":\"waterway\",\"filter\":[\"all\",[\"==\",\"$type\",\"LineString\"],[\"!in\",\"brunnel\",\"tunnel\",\"bridge\"]],\"layout\":{\"visibility\":\"{riverVisibility}\"},\"paint\":{\"line-color\":\"{{indexedColor_2}}\",\"line-opacity\":1,\"line-width\":{\"base\":1.4,\"stops\":[[8,\"{{indexedLineWidth_0}}\"],[20,\"{{indexedLineWidth_1}}\"]]}}},{\"id\":\"road_bridge_area\",\"type\":\"fill\",\"source\":\"openmaptiles\",\"source-layer\":\"transportation\",\"filter\":[\"all\",[\"==\",\"$type\",\"Polygon\"],[\"in\",\"brunnel\",\"bridge\"]],\"layout\":{\"visibility\":\"{bridgeVisibility}\"},\"paint\":{\"fill-color\":\"{{indexedColor_3}}\",\"fill-opacity\":1,\"fill-antialias\":true}},{\"id\":\"waterway-bridge\",\"type\":\"line\",\"source\":\"openmaptiles\",\"source-layer\":\"waterway\",\"filter\":[\"all\",[\"==\",\"$type\",\"LineString\"],[\"==\",\"brunnel\",\"bridge\"]],\"layout\":{\"line-cap\":\"round\",\"line-join\":\"round\",\"visibility\":\"{riverVisibility}\"},\"paint\":{\"line-color\":\"{{indexedColor_4}}\",\"line-width\":{\"base\":1.55,\"stops\":[[4,\"{{indexedLineWidth_2}}\"],[20,\"{{indexedLineWidth_3}}\"]]}}},{\"id\":\"bridge_minor case\",\"type\":\"line\",\"source\":\"openmaptiles\",\"source-layer\":\"transportation\",\"filter\":[\"all\",[\"==\",\"$type\",\"LineString\"],[\"!=\",\"brunnel\",\"tunnel\"],[\"in\",\"class\",\"minor\",\"service\",\"path\",\"track\"]],\"layout\":{\"line-cap\":\"butt\",\"line-join\":\"miter\",\"visibility\":\"{bridgeVisibility}\"},\"paint\":{\"line-color\":\"{{indexedColor_5}}\",\"line-gap-width\":{\"base\":1.55,\"stops\":[[4,0.25],[20,30]]},\"line-width\":{\"base\":1.6,\"stops\":[[12,\"{{indexedLineWidth_4}}\"],[20,\"{{indexedLineWidth_5}}\"]]}}},{\"id\":\"bridge_major case\",\"type\":\"line\",\"source\":\"openmaptiles\",\"source-layer\":\"transportation\",\"filter\":[\"all\",[\"==\",\"$type\",\"LineString\"],[\"!=\",\"brunnel\",\"tunnel\"],[\"in\",\"class\",\"primary\",\"secondary\",\"tertiary\",\"trunk\"]],\"layout\":{\"line-cap\":\"butt\",\"line-join\":\"miter\",\"visibility\":\"{bridgeVisibility}\"},\"paint\":{\"line-color\":\"{{indexedColor_6}}\",\"line-gap-width\":{\"base\":1.55,\"stops\":[[4,0.25],[20,30]]},\"line-width\":{\"base\":1.6,\"stops\":[[12,\"{{indexedLineWidth_6}}\"],[20,\"{{indexedLineWidth_7}}\"]]}}}],\"id\":\"watermask\"}","name":"Water Mask","id":"wmsk","type":"vector","fileFormat":"png","providerAttribution":"© MapTiler © OpenStreetMap contributors","baseColorPresets":[[{"r":0,"g":0,"b":0,"a":1},{"r":255,"g":255,"b":255,"a":1}],[{"r":255,"g":255,"b":255,"a":1},{"r":0,"g":0,"b":0,"a":1}]],"indexedVars":[{"name":"Ocean","type":"show","value":true,"indexedId":"oceanVisibility","groupId":0},{"name":"Lakes","type":"show","value":true,"indexedId":"lakeVisibility","groupId":0},{"name":"Rivers","type":"show","value":true,"indexedId":"riverVisibility","groupId":0},{"name":"Bridges","type":"show","value":true,"indexedId":"bridgeVisibility","groupId":0}]}
