{"GL3requiredVersion":"1.1.9","GL3jsonType":"styleInterface","requiredStyleSourceVars":["neVectorV2TileJson"],"baseColors":[{"name":"land","color":{"r":0,"g":0,"b":0,"a":1}},{"name":"water","color":{"r":255,"g":255,"b":255,"a":1}}],"lineWidthMult":1,"indexedColors":[{"colorId":"{{indexedColor_0}}","originalColor":{"r":215,"g":205,"b":201,"a":1},"layerId":"background","colorType":"background-color","stopNr":-1,"preserveRGB":false,"preserveAlpha":true,"mapping":{"sourceIndex1":0,"sourceIndex2":0,"mix":0,"luma":0,"alpha":1}},{"colorId":"{{indexedColor_1}}","originalColor":{"r":17,"g":150,"b":193,"a":1},"layerId":"lakes","colorType":"fill-color","stopNr":-1,"preserveRGB":false,"preserveAlpha":true,"mapping":{"sourceIndex1":1,"sourceIndex2":0,"mix":0,"luma":0,"alpha":1}},{"colorId":"{{indexedColor_2}}","originalColor":{"r":17,"g":150,"b":193,"a":1},"layerId":"riverlines","colorType":"line-color","stopNr":-1,"preserveRGB":false,"preserveAlpha":true,"mapping":{"sourceIndex1":1,"sourceIndex2":0,"mix":0,"luma":0,"alpha":1}},{"colorId":"{{indexedColor_3}}","originalColor":{"r":146,"g":78,"b":78,"a":1},"layerId":"rail-minor","colorType":"line-color","stopNr":-1,"preserveRGB":false,"preserveAlpha":true,"mapping":{"sourceIndex1":0,"sourceIndex2":0,"mix":0,"luma":0,"alpha":1}},{"colorId":"{{indexedColor_4}}","originalColor":{"r":146,"g":78,"b":78,"a":1},"layerId":"rail-hatch-minor","colorType":"line-color","stopNr":-1,"preserveRGB":false,"preserveAlpha":true,"mapping":{"sourceIndex1":0,"sourceIndex2":0,"mix":0,"luma":0,"alpha":1}},{"colorId":"{{indexedColor_5}}","originalColor":{"r":146,"g":78,"b":78,"a":1},"layerId":"rail","colorType":"line-color","stopNr":-1,"preserveRGB":false,"preserveAlpha":true,"mapping":{"sourceIndex1":0,"sourceIndex2":0,"mix":0,"luma":0,"alpha":1}},{"colorId":"{{indexedColor_6}}","originalColor":{"r":146,"g":78,"b":78,"a":1},"layerId":"rail-hatch","colorType":"line-color","stopNr":-1,"preserveRGB":false,"preserveAlpha":true,"mapping":{"sourceIndex1":0,"sourceIndex2":0,"mix":0,"luma":0,"alpha":1}},{"colorId":"{{indexedColor_7}}","originalColor":{"r":144,"g":144,"b":144,"a":1},"layerId":"roads-other","colorType":"line-color","stopNr":-1,"preserveRGB":false,"preserveAlpha":true,"mapping":{"sourceIndex1":0,"sourceIndex2":0,"mix":0,"luma":0,"alpha":1}},{"colorId":"{{indexedColor_8}}","originalColor":{"r":245,"g":147,"b":3,"a":1},"layerId":"roads-minor","colorType":"line-color","stopNr":-1,"preserveRGB":false,"preserveAlpha":true,"mapping":{"sourceIndex1":0,"sourceIndex2":0,"mix":0,"luma":0,"alpha":1}},{"colorId":"{{indexedColor_9}}","originalColor":{"r":245,"g":147,"b":3,"a":1},"layerId":"roads-major","colorType":"line-color","stopNr":-1,"preserveRGB":false,"preserveAlpha":true,"mapping":{"sourceIndex1":0,"sourceIndex2":0,"mix":0,"luma":0,"alpha":1}},{"colorId":"{{indexedColor_10}}","originalColor":{"r":17,"g":150,"b":193,"a":1},"layerId":"ocean","colorType":"fill-color","stopNr":-1,"preserveRGB":false,"preserveAlpha":true,"mapping":{"sourceIndex1":1,"sourceIndex2":0,"mix":0,"luma":0,"alpha":1}},{"colorId":"{{indexedColor_11}}","originalColor":{"r":215,"g":205,"b":201,"a":1},"layerId":"islands","colorType":"fill-color","stopNr":-1,"preserveRGB":false,"preserveAlpha":true,"mapping":{"sourceIndex1":0,"sourceIndex2":0,"mix":0,"luma":0,"alpha":1}}],"indexedLineWidths":[{"lineWidthId":"{{indexedLineWidth_0}}","originalLineWidth":0.5,"layerId":"riverlines","lineWidthType":"line-width","stopNr":0,"mapping":{"mult":1}},{"lineWidthId":"{{indexedLineWidth_1}}","originalLineWidth":10,"layerId":"riverlines","lineWidthType":"line-width","stopNr":1,"mapping":{"mult":1}},{"lineWidthId":"{{indexedLineWidth_2}}","originalLineWidth":0.075,"layerId":"rail-minor","lineWidthType":"line-width","stopNr":0,"mapping":{"mult":1}},{"lineWidthId":"{{indexedLineWidth_3}}","originalLineWidth":0.75,"layerId":"rail-minor","lineWidthType":"line-width","stopNr":1,"mapping":{"mult":1}},{"lineWidthId":"{{indexedLineWidth_4}}","originalLineWidth":0.2,"layerId":"rail-hatch-minor","lineWidthType":"line-width","stopNr":0,"mapping":{"mult":1}},{"lineWidthId":"{{indexedLineWidth_5}}","originalLineWidth":2,"layerId":"rail-hatch-minor","lineWidthType":"line-width","stopNr":1,"mapping":{"mult":1}},{"lineWidthId":"{{indexedLineWidth_6}}","originalLineWidth":0.1,"layerId":"rail","lineWidthType":"line-width","stopNr":0,"mapping":{"mult":1}},{"lineWidthId":"{{indexedLineWidth_7}}","originalLineWidth":1,"layerId":"rail","lineWidthType":"line-width","stopNr":1,"mapping":{"mult":1}},{"lineWidthId":"{{indexedLineWidth_8}}","originalLineWidth":0.25,"layerId":"rail-hatch","lineWidthType":"line-width","stopNr":0,"mapping":{"mult":1}},{"lineWidthId":"{{indexedLineWidth_9}}","originalLineWidth":2.5,"layerId":"rail-hatch","lineWidthType":"line-width","stopNr":1,"mapping":{"mult":1}},{"lineWidthId":"{{indexedLineWidth_10}}","originalLineWidth":0.1,"layerId":"roads-other","lineWidthType":"line-width","stopNr":0,"mapping":{"mult":1}},{"lineWidthId":"{{indexedLineWidth_11}}","originalLineWidth":1,"layerId":"roads-other","lineWidthType":"line-width","stopNr":1,"mapping":{"mult":1}},{"lineWidthId":"{{indexedLineWidth_12}}","originalLineWidth":0.1,"layerId":"roads-minor","lineWidthType":"line-width","stopNr":0,"mapping":{"mult":1}},{"lineWidthId":"{{indexedLineWidth_13}}","originalLineWidth":1,"layerId":"roads-minor","lineWidthType":"line-width","stopNr":1,"mapping":{"mult":1}},{"lineWidthId":"{{indexedLineWidth_14}}","originalLineWidth":0.2,"layerId":"roads-major","lineWidthType":"line-width","stopNr":0,"mapping":{"mult":1}},{"lineWidthId":"{{indexedLineWidth_15}}","originalLineWidth":2,"layerId":"roads-major","lineWidthType":"line-width","stopNr":1,"mapping":{"mult":1}}],"indexedRasterInterfaces":[],"indexedStyleJsonStr":"{\"id\":\"khxcuss4i3pqd\",\"layers\":[{\"id\":\"background\",\"paint\":{\"background-color\":\"{{indexedColor_0}}\"},\"type\":\"background\"},{\"id\":\"lakes\",\"minzoom\":0,\"paint\":{\"fill-antialias\":true,\"fill-color\":\"{{indexedColor_1}}\"},\"source\":\"glvectortilesv9\",\"source-layer\":\"lakes\",\"type\":\"fill\",\"layout\":{\"visibility\":\"{glvectortilesv9_lakes}\"}},{\"id\":\"riverlines\",\"layout\":{\"line-cap\":\"round\",\"line-join\":\"round\",\"visibility\":\"{glvectortilesv9_rivers}\"},\"minzoom\":0,\"paint\":{\"line-color\":\"{{indexedColor_2}}\",\"line-width\":{\"stops\":[[4,\"{{indexedLineWidth_0}}\"],[12,\"{{indexedLineWidth_1}}\"]]}},\"source\":\"glvectortilesv9\",\"source-layer\":\"rivers\",\"type\":\"line\"},{\"filter\":[\"all\",[\">=\",\"scalerank\",8]],\"id\":\"rail-minor\",\"minzoom\":7,\"paint\":{\"line-color\":\"{{indexedColor_3}}\",\"line-gap-width\":0,\"line-width\":{\"stops\":[[5,\"{{indexedLineWidth_2}}\"],[7,\"{{indexedLineWidth_3}}\"]]}},\"source\":\"glvectortilesv9\",\"source-layer\":\"rail\",\"type\":\"line\",\"layout\":{\"visibility\":\"{glvectortilesv9_rail}\"}},{\"filter\":[\"all\",[\">=\",\"scalerank\",8]],\"id\":\"rail-hatch-minor\",\"minzoom\":7,\"paint\":{\"line-color\":\"{{indexedColor_4}}\",\"line-dasharray\":[0.4,1],\"line-gap-width\":0,\"line-width\":{\"stops\":[[5,\"{{indexedLineWidth_4}}\"],[7,\"{{indexedLineWidth_5}}\"]]}},\"source\":\"glvectortilesv9\",\"source-layer\":\"rail\",\"type\":\"line\",\"layout\":{\"visibility\":\"{glvectortilesv9_rail}\"}},{\"filter\":[\"all\",[\"<\",\"scalerank\",8]],\"id\":\"rail\",\"minzoom\":0,\"paint\":{\"line-color\":\"{{indexedColor_5}}\",\"line-gap-width\":0,\"line-width\":{\"stops\":[[4,\"{{indexedLineWidth_6}}\"],[6,\"{{indexedLineWidth_7}}\"]]}},\"source\":\"glvectortilesv9\",\"source-layer\":\"rail\",\"type\":\"line\",\"layout\":{\"visibility\":\"{glvectortilesv9_rail}\"}},{\"filter\":[\"all\",[\"<\",\"scalerank\",8]],\"id\":\"rail-hatch\",\"minzoom\":0,\"paint\":{\"line-color\":\"{{indexedColor_6}}\",\"line-dasharray\":[0.4,1],\"line-gap-width\":0,\"line-width\":{\"stops\":[[4,\"{{indexedLineWidth_8}}\"],[6,\"{{indexedLineWidth_9}}\"]]}},\"source\":\"glvectortilesv9\",\"source-layer\":\"rail\",\"type\":\"line\",\"layout\":{\"visibility\":\"{glvectortilesv9_rail}\"}},{\"filter\":[\"all\",[\"!=\",\"featurecla\",\"Ferry\"]],\"id\":\"roads-other\",\"minzoom\":0,\"paint\":{\"line-color\":\"{{indexedColor_7}}\",\"line-width\":{\"stops\":[[3,\"{{indexedLineWidth_10}}\"],[6,\"{{indexedLineWidth_11}}\"]]}},\"source\":\"glvectortilesv9\",\"source-layer\":\"roads\",\"type\":\"line\",\"layout\":{\"visibility\":\"{glvectortilesv9_roads}\"}},{\"filter\":[\"all\",[\"!=\",\"featurecla\",\"Ferry\"],[\"in\",\"type\",\"Secondary Highway\"]],\"id\":\"roads-minor\",\"minzoom\":0,\"paint\":{\"line-color\":\"{{indexedColor_8}}\",\"line-width\":{\"stops\":[[3,\"{{indexedLineWidth_12}}\"],[6,\"{{indexedLineWidth_13}}\"]]}},\"source\":\"glvectortilesv9\",\"source-layer\":\"roads\",\"type\":\"line\",\"layout\":{\"visibility\":\"{glvectortilesv9_roads}\"}},{\"filter\":[\"all\",[\"!=\",\"featurecla\",\"Ferry\"],[\"in\",\"type\",\"Major Highway\"]],\"id\":\"roads-major\",\"minzoom\":0,\"paint\":{\"line-color\":\"{{indexedColor_9}}\",\"line-width\":{\"stops\":[[3,\"{{indexedLineWidth_14}}\"],[6,\"{{indexedLineWidth_15}}\"]]}},\"source\":\"glvectortilesv9\",\"source-layer\":\"roads\",\"type\":\"line\",\"layout\":{\"visibility\":\"{glvectortilesv9_roads}\"}},{\"filter\":[\"all\"],\"id\":\"ocean\",\"layout\":{\"visibility\":\"{glvectortilesv9_ocean}\"},\"paint\":{\"fill-antialias\":true,\"fill-color\":\"{{indexedColor_10}}\",\"fill-opacity\":1},\"source\":\"glvectortilesv9\",\"source-layer\":\"ocean\",\"type\":\"fill\"},{\"id\":\"islands\",\"layout\":{\"visibility\":\"{glvectortilesv9_minor_islands}\"},\"paint\":{\"fill-color\":\"{{indexedColor_11}}\",\"fill-antialias\":true},\"source\":\"glvectortilesv9\",\"source-layer\":\"minor_islands\",\"type\":\"fill\"}],\"name\":\"GEOlayers 3 Interface Style\",\"sources\":{\"glvectortilesv9\":{\"type\":\"vector\",\"url\":\"{neVectorV2TileJson}\"}},\"version\":8}","name":"Water Mask (Natural Earth)","id":"wmskNe","type":"vector","fileFormat":"png","attributionInfoText1":"neText1","attributionInfoText2":"neText2","providerAttribution":"Natural Earth","maxZoom":10,"baseColorPresets":[["#000000","#ffffff"],["#ffffff","#000000"]],"indexedVarGroups":[{"name":"Contents","id":1}],"indexedVars":[{"name":"Lakes","type":"show","value":true,"indexedId":"glvectortilesv9_lakes","groupId":1},{"name":"Rivers","type":"show","value":true,"indexedId":"glvectortilesv9_rivers","groupId":1},{"name":"Ocean","type":"show","value":true,"indexedId":"glvectortilesv9_ocean","groupId":1},{"name":"Bridges","type":"show","value":true,"indexedId":"glvectortilesv9_roads","groupId":1},{"name":"Railroad Bridges","type":"show","value":true,"indexedId":"glvectortilesv9_rail","groupId":1},{"name":"Small Islands","type":"show","value":true,"indexedId":"glvectortilesv9_minor_islands","groupId":1}]}