{"GL3jsonType":"styleInterface","baseColors":[],"lineWidthMult":1,"indexedColors":[],"indexedLineWidths":[],"indexedRasterInterfaces":[{"indexId":"indexedRaster1","id":"rastersource1","show":true,"name":"Raster Source","tileUri":"https://a.tile.openstreetmap.org/{z}/{x}/{y}.png","minzoom":0,"maxzoom":16,"tileSize":256,"scheme":"xyz"}],"indexedStyleJsonStr":"{\"version\":8,\"name\":\"GEOlayers 3 Interface Style\",\"sources\":{\"rastersource1\":{\"type\":\"raster\",\"tiles\":[\"{indexedRaster1_tileUri}\"],\"minzoom\":\"{indexedRaster1_minzoom}\",\"maxzoom\":\"{indexedRaster1_maxzoom}\",\"tilesize\":256,\"tileSize\":\"{indexedRaster1_tileSize}\",\"scheme\":\"{indexedRaster1_scheme}\"}},\"layers\":[{\"id\":\"raster1\",\"type\":\"raster\",\"source\":\"rastersource1\",\"minzoom\":0,\"maxzoom\":21,\"raster-fade-duration\":0,\"raster-resampling\":\"nearest\",\"paint\":{\"raster-hue-rotate\":\"{varHue}\",\"raster-brightness-min\":\"{varBrightMin}\",\"raster-opacity\":\"{varOpacity}\",\"raster-brightness-max\":\"{varBrightMax}\",\"raster-saturation\":\"{varSaturation}\",\"raster-contrast\":\"{varContrast}\"}}],\"id\":\"skhs994af\"}","name":"Universal Raster","id":"ras1","type":"raster","fileFormat":"png","providerAttribution":"© OpenStreetMap contributers","editProviderAttribution":true,"indexedVars":[{"name":"Hue","type":"number","min":0,"max":359,"step":1,"options":[],"value":"0","indexedId":"varHue"},{"name":"Opacity","type":"number","min":0,"max":1,"step":0.01,"options":[],"value":1,"indexedId":"varOpacity"},{"name":"Black","type":"number","min":0,"max":1,"step":0.01,"options":[],"value":0,"indexedId":"varBrightMin"},{"name":"White","type":"number","min":0,"max":1,"step":0.01,"options":[],"value":1,"indexedId":"varBrightMax"},{"name":"Contrast","type":"number","min":-1,"max":1,"step":0.01,"options":[],"value":0,"indexedId":"varContrast"},{"name":"Saturation","type":"number","min":-1,"max":1,"step":0.01,"options":[],"value":0,"indexedId":"varSaturation"}]}
