{"GL3jsonType":"styleInterface","renderBuffer":16,"baseColors":[{"name":"gradient 1","color":{"r":0,"g":0,"b":0,"a":1}},{"name":"gradient 2","color":{"r":64,"g":64,"b":64,"a":1}},{"name":"gradient 3","color":{"r":128,"g":128,"b":128,"a":1}},{"name":"gradient 4","color":{"r":192,"g":192,"b":192,"a":1}},{"name":"gradient 5","color":{"r":255,"g":255,"b":255,"a":1}}],"lineWidthMult":1,"indexedColors":[{"colorId":"{{indexedColor_0}}","originalColor":{"r":0,"g":0,"b":0,"a":1},"layerId":"heatmap","colorType":"gradient 1","stopNr":-1,"preserveRGB":false,"preserveAlpha":false,"mapping":{"sourceIndex1":0,"sourceIndex2":0,"mix":0,"luma":0,"alpha":0}},{"colorId":"{{indexedColor_1}}","originalColor":{"r":0,"g":0,"b":0,"a":1},"layerId":"heatmap","colorType":"gradient 2","stopNr":-1,"preserveRGB":false,"preserveAlpha":false,"mapping":{"sourceIndex1":1,"sourceIndex2":0,"mix":0,"luma":0,"alpha":1}},{"colorId":"{{indexedColor_2}}","originalColor":{"r":0,"g":0,"b":0,"a":1},"layerId":"heatmap","colorType":"gradient 3","stopNr":-1,"preserveRGB":false,"preserveAlpha":false,"mapping":{"sourceIndex1":2,"sourceIndex2":0,"mix":0,"luma":0,"alpha":1}},{"colorId":"{{indexedColor_3}}","originalColor":{"r":0,"g":0,"b":0,"a":1},"layerId":"heatmap","colorType":"gradient 4","stopNr":-1,"preserveRGB":false,"preserveAlpha":false,"mapping":{"sourceIndex1":3,"sourceIndex2":0,"mix":0,"luma":0,"alpha":1}},{"colorId":"{{indexedColor_4}}","originalColor":{"r":0,"g":0,"b":0,"a":1},"layerId":"heatmap","colorType":"gradient 5","stopNr":-1,"preserveRGB":false,"preserveAlpha":false,"mapping":{"sourceIndex1":4,"sourceIndex2":0,"mix":0,"luma":0,"alpha":1}},{"colorId":"{{indexedColor_5}}","originalColor":{"r":0,"g":0,"b":0,"a":1},"layerId":"heatmap","colorType":"gradient 6","stopNr":-1,"preserveRGB":false,"preserveAlpha":false,"mapping":{"sourceIndex1":0,"sourceIndex2":0,"mix":0,"luma":0,"alpha":1}}],"indexedLineWidths":[],"indexedRasterInterfaces":[],"indexedStyleJsonStr":"{\"version\":8,\"name\":\"GEOlayers 3 Interface Style\",\"sources\":{\"source1\":{\"type\":\"geojson\",\"data\":\"{dataUri}\",\"buffer\":128}},\"layers\":[{\"id\":\"background\",\"type\":\"background\",\"paint\":{\"background-color\":\"{{indexedColor_5}}\"},\"layout\":{\"visibility\":\"{showBg}\"}},{\"id\":\"heatmap1\",\"type\":\"heatmap\",\"source\":\"source1\",\"maxzoom\":23,\"paint\":{\"heatmap-weight\":[\"interpolate\",[\"linear\"],[\"to-number\",[\"get\",\"{weightPropName}\"],1],\"{minPropVal}\",\"{weightProp0or1}\",\"{maxPropVal}\",1],\"heatmap-intensity\":\"{intensity}\",\"heatmap-color\":[\"interpolate\",[\"linear\"],[\"heatmap-density\"],0,\"{{indexedColor_0}}\",0.25,\"{{indexedColor_1}}\",0.5,\"{{indexedColor_2}}\",0.75,\"{{indexedColor_3}}\",1,\"{{indexedColor_4}}\"],\"heatmap-radius\":\"{radius}\"}}],\"id\":\"jnra8n3uqhp8v\"}","name":"Dataviz - Heatmap","id":"heat","type":"heatmap","fileFormat":"png","providerAttribution":"","indexedVars":[{"name":"Geojson","type":"uri","fileTypes":"geojson,json","value":{"type":"Feature","geometry":{"type":"MultiPoint","coordinates":[[0,0],[0,0],[0,0],[0,0],[0,0],[0,0],[0,0],[0,0],[0,0],[0,0]]}},"indexedId":"dataUri","groupId":1},{"name":"Property Name","type":"string","options":"","value":"","indexedId":"weightPropName","groupId":1},{"name":"Property Value Min","type":"string","options":"","value":"0","indexedId":"minPropStr","groupId":1},{"name":"Property Value Max","type":"string","options":"","value":"10","indexedId":"maxPropStr","groupId":1},{"name":"Intensity","type":"number","min":0,"max":5,"step":0.01,"options":"","value":2.5,"indexedId":"intensity","groupId":2},{"name":"Radius","type":"number","min":1,"max":128,"step":1,"options":"","value":50,"indexedId":"radius","groupId":2},{"name":"Show Background","type":"show","value":true,"indexedId":"showBg","groupId":2},{"type":"eval","evalStr":"Math.max((parseFloat({minPropStr})||0),(parseFloat({maxPropStr})||0))","indexedId":"maxPropVal"},{"type":"eval","evalStr":"Math.min((parseFloat({minPropStr})||0),(parseFloat({maxPropStr})||0))","indexedId":"minPropVal"},{"type":"eval","evalStr":"String({weightPropName}).length > 0 ? 0:1","indexedId":"weightProp0or1"}],"indexedVarGroups":[{"name":"Data","id":1},{"name":"Styling","id":2}],"baseColorPresets":[[{"r":0,"g":0,"b":0,"a":1},{"r":64,"g":64,"b":64,"a":1},{"r":128,"g":128,"b":128,"a":1},{"r":192,"g":192,"b":192,"a":1},{"r":255,"g":255,"b":255,"a":1}],[{"r":0,"g":64,"b":0,"a":1},{"r":0,"g":255,"b":0,"a":1},{"r":255,"g":255,"b":0,"a":1},{"r":255,"g":128,"b":0,"a":1},{"r":255,"g":0,"b":0,"a":1}],[{"r":255,"g":255,"b":255,"a":1},{"r":192,"g":192,"b":192,"a":1},{"r":128,"g":128,"b":128,"a":1},{"r":64,"g":64,"b":64,"a":1},{"r":0,"g":0,"b":0,"a":1}],[{"r":0,"g":0,"b":64,"a":1},{"r":0,"g":0,"b":128,"a":1},{"r":128,"g":0,"b":128,"a":1},{"r":255,"g":0,"b":128,"a":1},{"r":255,"g":0,"b":255,"a":1}]]}
