{"GL3jsonType":"styleInterface","renderBuffer":0,"baseColors":[{"name":"gradient 1","color":{"r":0,"g":0,"b":0,"a":1}},{"name":"gradient 2","color":{"r":64,"g":64,"b":64,"a":1}},{"name":"gradient 3","color":{"r":128,"g":128,"b":128,"a":1}},{"name":"gradient 4","color":{"r":192,"g":192,"b":192,"a":1}},{"name":"gradient 5","color":{"r":255,"g":255,"b":255,"a":1}}],"lineWidthMult":1,"indexedColors":[{"colorId":"{{indexedColor_0}}","originalColor":{"r":0,"g":0,"b":0,"a":1},"layerId":"heatmap","colorType":"gradient 1","stopNr":-1,"preserveRGB":false,"preserveAlpha":false,"mapping":{"sourceIndex1":0,"sourceIndex2":0,"mix":0,"luma":0,"alpha":1}},{"colorId":"{{indexedColor_1}}","originalColor":{"r":0,"g":0,"b":0,"a":1},"layerId":"heatmap","colorType":"gradient 2","stopNr":-1,"preserveRGB":false,"preserveAlpha":false,"mapping":{"sourceIndex1":1,"sourceIndex2":0,"mix":0,"luma":0,"alpha":1}},{"colorId":"{{indexedColor_2}}","originalColor":{"r":0,"g":0,"b":0,"a":1},"layerId":"heatmap","colorType":"gradient 3","stopNr":-1,"preserveRGB":false,"preserveAlpha":false,"mapping":{"sourceIndex1":2,"sourceIndex2":0,"mix":0,"luma":0,"alpha":1}},{"colorId":"{{indexedColor_3}}","originalColor":{"r":0,"g":0,"b":0,"a":1},"layerId":"heatmap","colorType":"gradient 4","stopNr":-1,"preserveRGB":false,"preserveAlpha":false,"mapping":{"sourceIndex1":3,"sourceIndex2":0,"mix":0,"luma":0,"alpha":1}},{"colorId":"{{indexedColor_4}}","originalColor":{"r":0,"g":0,"b":0,"a":1},"layerId":"heatmap","colorType":"gradient 5","stopNr":-1,"preserveRGB":false,"preserveAlpha":false,"mapping":{"sourceIndex1":4,"sourceIndex2":0,"mix":0,"luma":0,"alpha":1}},{"colorId":"{{indexedColor_5}}","originalColor":{"r":0,"g":0,"b":0,"a":1},"layerId":"heatmap","colorType":"gradient 6","stopNr":-1,"preserveRGB":false,"preserveAlpha":false,"mapping":{"sourceIndex1":0,"sourceIndex2":0,"mix":0,"luma":0,"alpha":1}}],"indexedLineWidths":[],"indexedRasterInterfaces":[],"indexedStyleJsonStr":"{\"version\":8,\"name\":\"GEOlayers 3 Interface Style\",\"sources\":{\"source1\":{\"type\":\"geojson\",\"data\":\"{dataUri}\"}},\"layers\":[{\"id\":\"background\",\"type\":\"background\",\"paint\":{\"background-color\":\"{{indexedColor_5}}\"},\"layout\":{\"visibility\":\"{showBg}\"}},{\"id\":\"choropleth1\",\"type\":\"fill\",\"source\":\"source1\",\"maxzoom\":23,\"layout\":{\"visibility\":\"{showChroro}\"},\"paint\":{\"fill-color\":[\"interpolate\",[\"linear\"],[\"to-number\",[\"get\",\"{weightPropName}\"],1],\"{minPropVal}\",\"{{indexedColor_0}}\",\"{mid1PropVal}\",\"{{indexedColor_1}}\",\"{mid2PropVal}\",\"{{indexedColor_2}}\",\"{mid3PropVal}\",\"{{indexedColor_3}}\",\"{maxPropVal}\",\"{{indexedColor_4}}\"]}},{\"id\":\"simplefill1\",\"type\":\"fill\",\"source\":\"source1\",\"maxzoom\":23,\"layout\":{\"visibility\":\"{showSimpleFill}\"},\"paint\":{\"fill-color\":\"{{indexedColor_4}}\"}}],\"id\":\"jnra8n3uqhp8z\"}","name":"Dataviz - Choropleth","id":"choro","type":"heatmap","fileFormat":"png","providerAttribution":"","indexedVars":[{"name":"Geojson","type":"uri","fileTypes":"geojson,json","value":{"type":"Feature","geometry":{"type":"Polygon","coordinates":[[[0,0],[10,0],[10,10],[0,10],[0,0]]]},"properties":{"prop0":"10","prop1":{"this":"that"}}},"indexedId":"dataUri","groupId":1},{"name":"Property Name","type":"string","options":"","value":"","indexedId":"weightPropName","groupId":1},{"name":"Property Value Min","type":"string","options":"","value":"0","indexedId":"minPropStr","groupId":1},{"name":"Property Value Max","type":"string","options":"","value":"10","indexedId":"maxPropStr","groupId":1},{"name":"Show Background","type":"show","value":false,"indexedId":"showBg","groupId":2},{"type":"eval","evalStr":"Math.max((parseFloat({minPropStr})||0),(parseFloat({maxPropStr})||0))","indexedId":"maxPropVal"},{"type":"eval","evalStr":"Math.min((parseFloat({minPropStr})||0),(parseFloat({maxPropStr})||0))","indexedId":"minPropVal"},{"type":"eval","evalStr":"Math.min((parseFloat({minPropStr})||0),(parseFloat({maxPropStr})||0)) + (Math.max((parseFloat({minPropStr})||0),(parseFloat({maxPropStr})||0))-Math.min((parseFloat({minPropStr})||0),(parseFloat({maxPropStr})||0))) * 0.25","indexedId":"mid1PropVal"},{"type":"eval","evalStr":"Math.min((parseFloat({minPropStr})||0),(parseFloat({maxPropStr})||0)) + (Math.max((parseFloat({minPropStr})||0),(parseFloat({maxPropStr})||0))-Math.min((parseFloat({minPropStr})||0),(parseFloat({maxPropStr})||0))) * 0.5","indexedId":"mid2PropVal"},{"type":"eval","evalStr":"Math.min((parseFloat({minPropStr})||0),(parseFloat({maxPropStr})||0)) + (Math.max((parseFloat({minPropStr})||0),(parseFloat({maxPropStr})||0))-Math.min((parseFloat({minPropStr})||0),(parseFloat({maxPropStr})||0))) * 0.75","indexedId":"mid3PropVal"},{"type":"eval","evalStr":"String({weightPropName}).length > 0 ? \"visible\":\"none\"","indexedId":"showChroro"},{"type":"eval","evalStr":"String({weightPropName}).length > 0 ? \"none\": \"visible\"","indexedId":"showSimpleFill"}],"indexedVarGroups":[{"name":"Data","id":1},{"name":"Styling","id":2}],"baseColorPresets":[["#000000","#404040","#808080","#c0c0c0","#ffffff"],["#004000","#00ff00","#ffff00","#ff8000","#ff0000"],["#ffffff","#c0c0c0","#808080","#404040","#000000"],["#000040","#000080","#800080","#ff0080","#ff00ff"]]}