{
	"GL3jsonType": "styleInterface",
	"renderBuffer": 16,
	"baseColors": [
		{ "name": "gradient 1", "color": { "r": 0, "g": 0, "b": 0, "a": 1 } },
		{
			"name": "gradient 2",
			"color": { "r": 64, "g": 64, "b": 64, "a": 1 }
		},
		{
			"name": "gradient 3",
			"color": { "r": 128, "g": 128, "b": 128, "a": 1 }
		},
		{
			"name": "gradient 4",
			"color": { "r": 192, "g": 192, "b": 192, "a": 1 }
		},
		{
			"name": "gradient 5",
			"color": { "r": 255, "g": 255, "b": 255, "a": 1 }
		}
	],
	"lineWidthMult": 1,
	"indexedColors": [
		{
			"colorId": "{{indexedColor_0}}",
			"originalColor": { "r": 0, "g": 0, "b": 0, "a": 1 },
			"layerId": "heatmap",
			"colorType": "gradient 1",
			"stopNr": -1,
			"preserveRGB": false,
			"preserveAlpha": false,
			"mapping": {
				"sourceIndex1": 0,
				"sourceIndex2": 0,
				"mix": 0,
				"luma": 0,
				"alpha": 1
			}
		},
		{
			"colorId": "{{indexedColor_1}}",
			"originalColor": { "r": 0, "g": 0, "b": 0, "a": 1 },
			"layerId": "heatmap",
			"colorType": "gradient 2",
			"stopNr": -1,
			"preserveRGB": false,
			"preserveAlpha": false,
			"mapping": {
				"sourceIndex1": 1,
				"sourceIndex2": 0,
				"mix": 0,
				"luma": 0,
				"alpha": 1
			}
		},
		{
			"colorId": "{{indexedColor_2}}",
			"originalColor": { "r": 0, "g": 0, "b": 0, "a": 1 },
			"layerId": "heatmap",
			"colorType": "gradient 3",
			"stopNr": -1,
			"preserveRGB": false,
			"preserveAlpha": false,
			"mapping": {
				"sourceIndex1": 2,
				"sourceIndex2": 0,
				"mix": 0,
				"luma": 0,
				"alpha": 1
			}
		},
		{
			"colorId": "{{indexedColor_3}}",
			"originalColor": { "r": 0, "g": 0, "b": 0, "a": 1 },
			"layerId": "heatmap",
			"colorType": "gradient 4",
			"stopNr": -1,
			"preserveRGB": false,
			"preserveAlpha": false,
			"mapping": {
				"sourceIndex1": 3,
				"sourceIndex2": 0,
				"mix": 0,
				"luma": 0,
				"alpha": 1
			}
		},
		{
			"colorId": "{{indexedColor_4}}",
			"originalColor": { "r": 0, "g": 0, "b": 0, "a": 1 },
			"layerId": "heatmap",
			"colorType": "gradient 5",
			"stopNr": -1,
			"preserveRGB": false,
			"preserveAlpha": false,
			"mapping": {
				"sourceIndex1": 4,
				"sourceIndex2": 0,
				"mix": 0,
				"luma": 0,
				"alpha": 1
			}
		},
		{
			"colorId": "{{indexedColor_5}}",
			"originalColor": { "r": 0, "g": 0, "b": 0, "a": 1 },
			"layerId": "heatmap",
			"colorType": "gradient 6",
			"stopNr": -1,
			"preserveRGB": false,
			"preserveAlpha": false,
			"mapping": {
				"sourceIndex1": 0,
				"sourceIndex2": 0,
				"mix": 0,
				"luma": 0,
				"alpha": 1
			}
		}
	],
	"indexedLineWidths": [],
	"indexedRasterInterfaces": [],
	"indexedStyleJsonStr": "{\"version\":8,\"name\":\"GEOlayers 3 Interface Style\",\"sources\":{\"source1\":{\"type\":\"geojson\",\"data\":\"{dataUri}\",\"buffer\":128}},\"layers\":[{\"id\":\"background\",\"type\":\"background\",\"paint\":{\"background-color\":\"{{indexedColor_5}}\"},\"layout\":{\"visibility\":\"{showBg}\"}},{\"id\":\"circle1\",\"type\":\"circle\",\"source\":\"source1\",\"maxzoom\":23,\"paint\":{\"circle-radius\":[\"sqrt\",[\"interpolate\",[\"linear\"],[\"to-number\",[\"get\",\"{radiusPropName}\"],1],\"{minRPropVal}\",\"{sqrtRadiusMin}\",\"{maxRPropVal}\",\"{sqrtRadiusMax}\"]],\"circle-opacity\":\"{opacity}\",\"circle-color\":[\"interpolate\",[\"linear\"],[\"to-number\",[\"get\",\"{colorPropName}\"],\"{maxPropVal}\"],\"{minPropVal}\",\"{{indexedColor_0}}\",\"{propVal1}\",\"{{indexedColor_1}}\",\"{propVal2}\",\"{{indexedColor_2}}\",\"{propVal3}\",\"{{indexedColor_3}}\",\"{maxPropVal}\",\"{{indexedColor_4}}\"]}}],\"id\":\"jnra8n3uqhpcc\"}",
	"name": "Dataviz - Circles",
	"id": "circ-kkzbb2cmuhpi3",
	"type": "circles",
	"fileFormat": "png",
	"providerAttribution": "",
	"indexedVars": [
		{
			"name": "Geojson",
			"type": "uri",
			"fileTypes": "geojson,json",
			"value": {
				"type": "Feature",
				"geometry": {
					"type": "MultiPoint",
					"coordinates": [
						[0, 0],
						[0, 0],
						[0, 0],
						[0, 0],
						[0, 0],
						[0, 0],
						[0, 0],
						[0, 0],
						[0, 0],
						[0, 0]
					]
				}
			},
			"indexedId": "dataUri",
			"groupId": 1
		},
		{
			"name": "Color Property Name",
			"type": "string",
			"options": "",
			"value": "",
			"indexedId": "colorPropName",
			"groupId": 1
		},
		{
			"name": "Color Property Value Min",
			"type": "string",
			"options": "",
			"value": "0",
			"indexedId": "minPropStr",
			"groupId": 1
		},
		{
			"name": "Color Property Value Max",
			"type": "string",
			"options": "",
			"value": "10",
			"indexedId": "maxPropStr",
			"groupId": 1
		},
		{
			"name": "Radius Property Name",
			"type": "string",
			"options": "",
			"value": "",
			"indexedId": "radiusPropName",
			"groupId": 1
		},
		{
			"name": "Radius Property Value Min",
			"type": "string",
			"options": "",
			"value": "0",
			"indexedId": "minRPropStr",
			"groupId": 1
		},
		{
			"name": "Radius Property Value Max",
			"type": "string",
			"options": "",
			"value": "10",
			"indexedId": "maxRPropStr",
			"groupId": 1
		},
		{
			"name": "Radius Min",
			"type": "number",
			"min": 1,
			"max": 128,
			"step": 1,
			"options": "",
			"value": 1,
			"indexedId": "radiusMin",
			"groupId": 2
		},
		{
			"name": "Radius Max",
			"type": "number",
			"min": 1,
			"max": 128,
			"step": 1,
			"options": "",
			"value": 128,
			"indexedId": "radiusMax",
			"groupId": 2
		},
		{
			"name": "Opacity",
			"type": "number",
			"min": 0,
			"max": 1,
			"step": 0.01,
			"options": "",
			"value": 1,
			"indexedId": "opacity",
			"groupId": 2
		},
		{
			"name": "Show Background",
			"type": "show",
			"value": false,
			"indexedId": "showBg",
			"groupId": 2
		},
		{
			"type": "eval",
			"evalStr": "Math.max((parseFloat({minPropStr})||1),(parseFloat({maxPropStr})||1))",
			"indexedId": "maxPropVal"
		},
		{
			"type": "eval",
			"evalStr": "Math.min((parseFloat({minPropStr})||0),(parseFloat({maxPropStr})||0))",
			"indexedId": "minPropVal"
		},
		{
			"type": "eval",
			"evalStr": "Math.min((parseFloat({minPropStr})||0),(parseFloat({maxPropStr})||0))+(Math.max((parseFloat({minPropStr})||1),(parseFloat({maxPropStr})||1))-Math.min((parseFloat({minPropStr})||0),(parseFloat({maxPropStr})||0)))*0.25",
			"indexedId": "propVal1"
		},
		{
			"type": "eval",
			"evalStr": "Math.min((parseFloat({minPropStr})||0),(parseFloat({maxPropStr})||0))+(Math.max((parseFloat({minPropStr})||1),(parseFloat({maxPropStr})||1))-Math.min((parseFloat({minPropStr})||0),(parseFloat({maxPropStr})||0)))*0.5",
			"indexedId": "propVal2"
		},
		{
			"type": "eval",
			"evalStr": "Math.min((parseFloat({minPropStr})||0),(parseFloat({maxPropStr})||0))+(Math.max((parseFloat({minPropStr})||1),(parseFloat({maxPropStr})||1))-Math.min((parseFloat({minPropStr})||0),(parseFloat({maxPropStr})||0)))*0.75",
			"indexedId": "propVal3"
		},
		{
			"type": "eval",
			"evalStr": "Math.max((parseFloat({minRPropStr})||0),(parseFloat({maxRPropStr})||0))",
			"indexedId": "maxRPropVal"
		},
		{
			"type": "eval",
			"evalStr": "Math.min((parseFloat({minRPropStr})||0),(parseFloat({maxRPropStr})||0))",
			"indexedId": "minRPropVal"
		},
		{
			"type": "eval",
			"evalStr": "Math.pow({radiusMin}/2,2)",
			"indexedId": "sqrtRadiusMin"
		},
		{
			"type": "eval",
			"evalStr": "Math.pow({radiusMax}/2,2)",
			"indexedId": "sqrtRadiusMax"
		}
	],
	"indexedVarGroups": [
		{ "name": "Data", "id": 1 },
		{ "name": "Styling", "id": 2 }
	],
	"baseColorPresets": [
		["#000000", "#404040", "#808080", "#c0c0c0", "#ffffff"],
		["#004000", "#00ff00", "#ffff00", "#ff8000", "#ff0000"],
		["#ffffff", "#c0c0c0", "#808080", "#404040", "#000000"],
		["#000040", "#000080", "#800080", "#ff0080", "#ff00ff"]
	]
}
